Title,ALogP,ALogp2,AMR,BCUTw-1l,BCUTw-1h,BCUTc-1l,BCUTc-1h,BCUTp-1l,BCUTp-1h,fragC,nAcid,apol,naAromAtom,nAromBond,nAtom,ATSc1,ATSc2,ATSc3,ATSc4,ATSc5,ATSm1,ATSm2,ATSm3,ATSm4,ATSm5,ATSp1,ATSp2,ATSp3,ATSp4,ATSp5,nBase,nB,bpol,C1SP1,C2SP1,C1SP2,C2SP2,C3SP2,C1SP3,C2SP3,C3SP3,C4SP3,SCH-3,SCH-4,SCH-5,SCH-6,SCH-7,VCH-3,VCH-4,VCH-5,VCH-6,VCH-7,SC-3,SC-4,SC-5,SC-6,VC-3,VC-4,VC-5,VC-6,SP-0,SP-1,SP-2,SP-3,SP-4,SP-5,SP-6,SP-7,VP-0,VP-1,VP-2,VP-3,VP-4,VP-5,VP-6,VP-7,SPC-4,SPC-5,SPC-6,VPC-4,VPC-5,VPC-6,ECCEN,FMF,tpsaEfficiency,nHBDon,nHBAcc,HybRatio,khs.sLi,khs.ssBe,khs.ssssBe,khs.ssBH,khs.sssB,khs.ssssB,khs.sCH3,khs.dCH2,khs.ssCH2,khs.tCH,khs.dsCH,khs.aaCH,khs.sssCH,khs.ddC,khs.tsC,khs.dssC,khs.aasC,khs.aaaC,khs.ssssC,khs.sNH3,khs.sNH2,khs.ssNH2,khs.dNH,khs.ssNH,khs.aaNH,khs.tN,khs.sssNH,khs.dsN,khs.aaN,khs.sssN,khs.ddsN,khs.aasN,khs.ssssN,khs.sOH,khs.dO,khs.ssO,khs.aaO,khs.sF,khs.sSiH3,khs.ssSiH2,khs.sssSiH,khs.ssssSi,khs.sPH2,khs.ssPH,khs.sssP,khs.dsssP,khs.sssssP,khs.sSH,khs.dS,khs.ssS,khs.aaS,khs.dssS,khs.ddssS,khs.sCl,khs.sGeH3,khs.ssGeH2,khs.sssGeH,khs.ssssGe,khs.sAsH2,khs.ssAsH,khs.sssAs,khs.sssdAs,khs.sssssAs,khs.sSeH,khs.dSe,khs.ssSe,khs.aaSe,khs.dssSe,khs.ddssSe,khs.sBr,khs.sSnH3,khs.ssSnH2,khs.sssSnH,khs.ssssSn,khs.sI,khs.sPbH3,khs.ssPbH2,khs.sssPbH,khs.ssssPb,Kier1,Kier2,Kier3,nAtomLC,nAtomP,LipinskiFailures,nAtomLAC,MLogP,MDEC-11,MDEC-12,MDEC-13,MDEC-14,MDEC-22,MDEC-23,MDEC-24,MDEC-33,MDEC-34,MDEC-44,MDEO-11,MDEO-12,MDEO-22,MDEN-11,MDEN-12,MDEN-13,MDEN-22,MDEN-23,MDEN-33,PetitjeanNumber,topoShape,nRotB,nSmallRings,nAromRings,nRingBlocks,nAromBlocks,nRings3,nRings4,nRings5,nRings6,nRings7,nRings8,nRings9,TopoPSA,VAdjMat,VABC,MW,WTPT-1,WTPT-2,WTPT-3,WTPT-4,WTPT-5,WPATH,WPOL,XLogP,Zagreb
,1.3695,1.87553025,84.6639,11.99617025,15.99794648,-0.3842951,0.116043137,5.398612759,10.358003,1829.03,0,50.258618,6,6,46,0.191313791,-0.08456972,-0.057786216,0.067676279,0.003960343,21.49442964,22.16300164,29.82745749,30.04855522,27.66100366,1347.337372,1536.304128,2075.941016,1990.53433,1732.010578,1,21,31.063382,0,0,1,5,2,5,4,0,0,0,0,0.096225045,0.262891712,0.489999498,0,0,0.044194174,0.096277507,0.142517578,1.167333734,0,0.219821982,0,0.600614026,0,0.074318909,0,14.53516943,9.651397005,8.239725208,6.567764752,5.534192073,4.307206193,2.834734095,1.726863595,12.70598198,7.661400823,5.594336415,3.856903193,2.935014874,1.911481579,1.114117108,0.613052946,2.617018236,4.275808098,5.940768867,1.233364861,1.815864842,2.015665237,332,0.45,0.129465411,2,2,0.529411765,0,0,0,0,0,0,2,1,7,0,0,2,0,0,0,1,4,0,0,0,0,0,0,1,0,0,0,0,0,1,0,0,0,1,0,0,0,0,0,0,0,0,0,0,0,0,0,0,0,0,0,0,0,0,0,0,0,0,0,0,0,0,0,0,0,0,0,0,0,0,0,0,0,0,0,0,0,0,0,16.37188209,7.852040816,4.25,7,10,0,3,3,0.35568933,5.81722555,2.759882039,0,10.65502285,12.52302986,0,5.450691788,0,0,0,0,0,0,0,0,0,0.166666667,0,0.5,1,7,2,1,1,1,0,0,1,1,0,0,0,35.5,5.392317423,287.2131923,274.2045137,40.02851735,2.001425867,8.968113613,2.564200064,6.403913549,862,28,3.737,98
,3.8879,15.11576641,88.72,11.85,34.96885361,-0.276011264,0.154796819,6.463742168,11.85129327,982.05,0,45.168309,17,17,35,0.254180821,-0.112369676,-0.075225919,0.082628125,-0.032357938,31.15287111,28.47502447,42.45150315,46.45150315,44.25770478,1761.180161,2129.489982,3106.199555,3501.843726,3104.344236,0,25,19.251691,0,0,2,11,2,2,0,0,0,0,0,0.096225045,0.389925437,0.487886262,0,0,0.02236068,0.105483684,0.120114794,1.37707013,0,0.35863639,0,0.691548153,0,0.11222033,0,15.10408353,10.73718344,9.77729252,8.581923719,7.621542025,6.434551143,4.62631569,3.641519375,12.74865674,7.427086127,5.627618309,4.007412793,2.964759405,2.093275911,1.259444009,0.819761153,3.496856913,6.288699403,9.31720075,1.377142306,2.047205384,2.535667986,346,0.909090909,0.139800046,0,3,0.117647059,0,0,0,0,0,0,1,0,1,0,0,8,0,0,0,1,6,0,0,0,0,0,0,0,0,0,0,1,2,0,0,1,0,0,0,0,0,0,0,0,0,0,0,0,0,0,0,0,0,0,0,0,0,1,0,0,0,0,0,0,0,0,0,0,0,0,0,0,0,0,0,0,0,0,0,0,0,0,0,15.5232,6.481481481,2.921953095,0,19,1,0,2.78,0,1.481192686,1.997962464,0,10.31041067,19.324292,0,8.204062082,0,0,0,0,0,0,0,0,1.310370697,1.310370697,0,0.444444444,0.8,1,4,3,2,3,0,0,1,2,1,0,0,43.07,5.64385619,255.9323428,308.0828742,45.95561616,2.088891643,15.39011469,0,12.83433294,926,40,5.5,122
,3.3752,11.39197504,91.0169,11.85,14.00308416,-0.308649332,0.117254189,5.744386719,11.99394647,1696.01,0,51.636239,12,12,44,0.100415273,-0.066940815,0.006829029,0.014622991,-0.006831634,21.3599803,23.4985458,31.16618193,35.16618193,32.16618193,1664.362274,1946.554465,2693.477615,3122.227053,2621.264165,1,23,27.123761,0,0,0,9,5,1,3,0,0,0,0,0,0.166666667,0.214076175,0,0,0,0.055555556,0.067061488,1.149829914,0,0.247193875,0,0.736858262,0,0.100592232,0,14.65648977,10.2540202,8.982738022,7.262809385,6.252455047,5.294526856,3.828924622,2.944232484,12.97179314,7.769385702,6.02404445,4.203521425,3.103552223,2.265414682,1.488267017,0.985923074,2.56097718,4.350864458,6.367855926,1.336472708,1.885349852,2.355893268,331,0.714285714,0.011689026,0,1,0.3,0,0,0,0,0,0,2,0,4,0,1,8,0,0,0,1,4,0,0,0,0,0,0,0,0,0,0,0,0,1,0,0,0,0,0,0,0,0,0,0,0,0,0,0,0,0,0,0,0,0,0,0,0,0,0,0,0,0,0,0,0,0,0,0,0,0,0,0,0,0,0,0,0,0,0,0,0,0,0,15.87901701,7.513007284,3.854848305,5,14,0,3,3.55,0.5,4.122596842,1.625198014,0,21.4769147,23.93396682,0,5.841906811,0,0,0,0,0,0,0,0,0,0,0,0.444444444,0.8,3,3,2,1,2,0,0,0,2,1,0,0,3.24,5.523561956,288.1483244,277.1830499,43.27108331,2.060527777,2.98473945,0,2.98473945,882,35,4.926,108
,0.3785,0.14326225,35.1656,11.85,15.99491791,-0.344132769,0.219827678,4.893182424,8.190461799,135.05,0,16.669172,9,10,14,0.282946399,-0.168023577,0.133086514,-0.214794139,0.108258003,12.21439024,12.68916388,17.60260578,14.51952976,9.546527327,440.8437666,511.3007135,691.5519795,495.7309903,245.1153648,0,11,7.672828,0,0,3,0,1,0,0,0,0,0,0,0.11785113,0.219416097,0.387458418,0,0,0.032274861,0.045004944,0.051989152,0.538451691,0,0.164266427,0,0.178070483,0,0.030571187,0,6.974691495,4.877010098,4.26302547,3.68315398,3.089158958,1.979356979,1.166121214,0.628003494,4.94355492,2.707698995,1.829559962,1.226977887,0.752214548,0.355770595,0.147582262,0.058550822,1.440177475,2.343625286,2.604656199,0.365419436,0.415164503,0.321895076,79,0.9,0.549035707,2,3,0,0,0,0,0,0,0,0,0,0,0,0,2,0,0,0,0,1,2,0,0,0,0,0,0,1,0,0,0,3,0,0,0,0,1,0,0,0,0,0,0,0,0,0,0,0,0,0,0,0,0,0,0,0,0,0,0,0,0,0,0,0,0,0,0,0,0,0,0,0,0,0,0,0,0,0,0,0,0,0,6.694214876,2.56,1.12,0,10,0,0,1.46,0,0,0,0,0.25,3.14734519,0,2.381101578,0,0,0,0,0,0,0,0,2.498049533,0,0,0.25,0.333333333,0,2,2,1,1,0,0,1,1,0,0,0,74.69,4.459431619,90.75489716,136.0385108,20.41041027,2.041041027,14.67648787,2.545324805,12.13116307,105,12,0.905,52
,3.1629,10.00393641,51.8897,11.99340585,15.99491842,-0.273592254,0.246214434,5.083666658,10.0413213,547.03,0,30.363516,11,11,26,0.217572981,-0.092401784,-0.062392765,0.087021788,-0.042171467,15.49442964,16.35680001,23.38119097,22.04855522,17.82691371,875.3329774,1015.787804,1410.352139,1238.85224,900.0369352,0,15,16.716484,0,0,1,8,0,1,0,0,0,0,0,0.07856742,0.383125254,0.494860619,0,0,0.028867513,0.116028912,0.118208859,0.941632388,0,0.334355769,0,0.406339672,0,0.111186807,0,10.12939203,6.698377303,6.024827151,5.099487571,4.268771634,2.950543404,1.434205597,0.939397644,8.266777097,4.510192006,3.294915968,2.352320071,1.508471214,0.872409378,0.3697945,0.192006223,2.417098016,4.089546012,5.360873589,0.924076459,1.176289346,1.2578571,161,0.785714286,0.143172361,0,0,0.181818182,0,0,0,0,0,0,2,0,0,0,0,6,0,0,0,0,2,0,0,0,0,0,0,0,0,0,0,0,0,0,0,2,0,0,1,0,0,0,0,0,0,0,0,0,0,0,0,0,0,0,0,0,0,0,0,0,0,0,0,0,0,0,0,0,0,0,0,0,0,0,0,0,0,0,0,0,0,0,0,10.51555556,4.244897959,2.020408163,0,12,0,0,2.34,0.333333333,2.606389551,2.449489743,0,6.409925916,6.641727411,0,1.310370697,0,0,0,0,0,0,0,0,0,0,1,0.428571429,0.75,1,2,2,2,2,0,0,1,1,0,0,0,26.93,4.906890596,180.8008258,188.0949631,28.08960505,2.006400361,9.183379519,2.537049005,6.646330513,284,20,1.321,72
,1.2114,1.46748996,44.4466,11.99626876,15.99928671,-0.346567765,0.312202123,3.985397015,8.644205453,285.04,1,24.382344,6,6,21,0.448010349,-0.238026045,0.055242086,-0.115766308,0.175925166,16.09787614,14.66045989,20.54148993,18.65673582,18.87358191,564.5344826,625.394696,799.5450137,732.6482704,556.6910577,0,13,12.577656,0,0,2,5,1,1,0,0,0,0,0,0,0.083333333,0.107038088,0,0,0,0.027777778,0.025229119,1.044331054,0,0.204124145,0,0.260071229,0,0.030186502,0,9.844934983,6.109060905,5.581957363,3.598329947,3.012151371,2.158719217,1.240882803,0.508588337,6.981359544,3.617453648,2.394955678,1.371154665,0.887171219,0.521438127,0.198315454,0.07057334,1.652847622,2.541232856,3.122748345,0.39234146,0.474383709,0.457103458,123,0.461538462,0.3532504,1,3,0.111111111,0,0,0,0,0,0,1,0,0,0,0,4,0,0,0,2,2,0,0,0,0,0,0,0,0,0,0,0,0,0,0,0,0,1,2,1,0,0,0,0,0,0,0,0,0,0,0,0,0,0,0,0,0,0,0,0,0,0,0,0,0,0,0,0,0,0,0,0,0,0,0,0,0,0,0,0,0,0,0,11.07692308,5.024221453,3.324099723,3,12,0,0,2.01,0,0.808206202,1.437216448,0,3.965406457,6.373468493,0,3.14734519,0,0,0.721124785,0.944940787,0,0,0,0,0,0,0,0.5,1,3,1,1,1,1,0,0,0,1,0,0,0,63.6,4.700439718,162.9424749,180.0422588,25.25208518,1.942468091,10.19241027,10.19241027,0,246,16,1.422,60
,1.3048,1.70250304,46.1797,11.999,34.96985361,-0.272146785,0.297235508,3.43951876,8.056574083,268.07,0,24.065137,0,0,21,0.339874149,-0.192228987,0.099207029,-0.031845027,-0.164236193,30.05477879,16.81380289,18.5886341,20.62495879,21.16859523,512.127719,515.1979901,547.7836641,535.5006058,450.5536985,0,11,13.914863,0,0,0,0,0,4,0,0,0,0,0,0,0,0,0,0,0,0,0,0.402368927,0,0.11785113,0,0.116354225,0,0.014433757,0,9.397341225,5.756748817,4.07651549,3.001600533,2.023603362,1.178468348,0.392258898,0.201184464,7.807137735,4.333653737,2.570614374,1.358040104,0.759538088,0.401173515,0.156146538,0.07495932,1.069035594,1.442809042,1.408291245,0.228052503,0.264970779,0.2466334,129,0,0.289990222,1,3,0.8,0,0,0,0,0,0,0,0,4,0,0,0,0,0,0,1,0,0,0,0,0,0,0,1,0,0,0,1,0,1,0,0,0,0,2,0,0,0,0,0,0,0,0,0,0,0,0,0,0,0,0,0,0,2,0,0,0,0,0,0,0,0,0,0,0,0,0,0,0,0,0,0,0,0,0,0,0,0,0,12,7.638888889,5.325443787,9,6,0,2,1.24,0,0,0,0,2.065979662,1.632993162,0,0,0,0,0.25,0,0,0,0,0,0.333333333,1.414213562,0,0.5,1,7,0,0,0,0,0,0,0,0,0,0,0,61.77,4.459431619,170.756334,213.007182,22.48773052,1.873977543,18.66723437,4.94539468,8.892216382,226,13,0.886,46
,0.4968,0.24681024,42.8759,11.99347887,15.99592273,-0.27577452,0.28951025,4.963224269,9.556260598,443.06,0,26.75193,9,10,24,0.527095476,-0.431025206,0.377406093,-0.332663005,0.119802352,16.98885928,17.49218522,26.90332734,30.09370344,23.78820166,810.6717569,971.197571,1439.864736,1371.472734,924.1742904,0,15,20.10807,0,0,2,1,0,0,0,0,0,0,0,0.096225045,0.244373193,0.514167899,0,0,0.028867513,0.068711215,0.111897666,1.252696494,0,0.599979125,0,0.545076318,0,0.142308011,0,10.45566545,6.53658126,6.232306059,5.877297755,4.481843313,3.124274223,1.970467231,1.054460032,8.182701232,4.107927643,3.233448966,2.316512895,1.471179885,0.86706189,0.416395747,0.173811131,3.705282687,5.934886904,8.621269734,1.156969032,1.462083728,1.729309751,137,0.642857143,0.318527825,0,1,0.375,0,0,0,0,0,0,3,0,0,0,0,1,0,0,0,0,0,2,0,0,0,0,0,0,0,0,0,0,1,0,0,3,0,0,2,0,0,0,0,0,0,0,0,0,0,0,0,0,0,0,0,0,0,0,0,0,0,0,0,0,0,0,0,0,0,0,0,0,0,0,0,0,0,0,0,0,0,0,0,10.51555556,3.538752363,1.454545455,0,11,0,0,1.68,0.646330407,0.877205321,4.326341831,0,0,1.519671371,0,3.532775529,0,0,0.25,0,0,0,0,0,0,1.190550789,1.144714243,0.333333333,0.5,0,2,2,1,1,0,0,1,1,0,0,0,61.82,4.906890596,162.3330777,194.0803756,27.80010233,1.985721595,17.7615916,5.042091119,12.71950048,258,25,-0.153,76
,3.1411,9.86650921,70.1378,11.99334264,15.99491943,-0.279347668,0.302593132,5.044150579,11.11513867,718.03,0,37.403516,12,12,30,0.201648107,-0.161908586,0.086980417,-0.012731672,-0.011389976,19.49442964,20.99681971,30.13163123,34.99363942,33.32545951,1360.064804,1623.224288,2309.7185,2694.781019,2161.193469,0,20,15.396484,0,0,0,12,2,0,0,0,0,0,0,0,0.166666667,0.214076175,0,0,0,0.055555556,0.056920215,1.049943305,0,0.337915717,0,0.404372439,0,0.088484166,0,12.53516943,8.770856948,7.815500107,6.60256674,5.937393845,5.114072541,3.424273062,2.423543513,9.706314847,5.729003814,4.124612648,3.018151561,2.210962543,1.558353734,0.859895785,0.507441332,2.683734122,4.868113744,7.506857617,0.94416966,1.40062731,1.726699424,223,0.833333333,0.196234597,1,3,0,0,0,0,0,0,0,0,0,0,0,2,8,0,0,0,1,4,0,0,0,1,0,0,0,0,0,0,0,0,1,0,0,0,0,1,0,0,0,0,0,0,0,0,0,0,0,0,0,0,0,0,0,0,0,0,0,0,0,0,0,0,0,0,0,0,0,0,0,0,0,0,0,0,0,0,0,0,0,0,13.005,5.551020408,2.524654832,3,18,0,0,2.78,0,0,0,0,14.0762043,17.81913246,0,4.689541397,0,0,0,0,0,0,0,0.5,0,0,0,0.428571429,0.75,1,3,3,1,1,0,0,0,2,1,0,0,46.33,5.321928095,218.8189295,236.0949631,37.24313838,2.069063243,8.382014121,2.444637468,5.937376653,521,33,2.296,96
,2.8636,8.20020496,78.1827,11.85,34.96985421,-0.331600252,0.258936209,3.775353194,10.30815793,1102.05,1,44.373067,6,6,38,0.373131169,-0.168569735,-0.090446961,0.125722505,-0.027467363,36.33481819,24.06627103,29.006922,28.881151,30.63744845,1153.222737,1251.403975,1534.238931,1555.716186,1372.509607,0,19,24.548933,0,0,1,5,1,4,3,0,0,0,0,0,0.083333333,0.107038088,0,0,0,0.027777778,0.032064455,0.945705769,0,0.083333333,0,0.368739851,0,0.0372678,0,14.08757567,9.168233758,7.442986032,5.270856948,4.120409928,3.077570448,2.052209114,1.275232834,12.32961086,7.41583471,5.034680692,3.20450979,2.299288474,1.510101975,0.877377914,0.436116388,1.664496878,2.317490793,2.722016415,0.743748523,1.05117641,1.15451742,343,0.315789474,0.133760379,1,3,0.5,0,0,0,0,0,0,0,0,7,0,0,4,0,0,0,1,2,0,0,0,0,0,0,0,0,0,0,0,0,1,0,0,0,1,1,0,0,0,0,0,0,0,0,0,0,0,0,0,0,0,0,0,0,2,0,0,0,0,0,0,0,0,0,0,0,0,0,0,0,0,0,0,0,0,0,0,0,0,0,17.05263158,9.833648393,6.816568047,7,7,0,4,2.45,0,0,0,0,15.65778858,10.64669123,0,0.685006711,0,0,0.5,0,0,0,0,0,0,0,0,0.5,1,9,1,1,1,1,0,0,0,1,0,0,0,40.54,5.247927513,275.8972991,303.0792844,37.28946539,1.962603441,13.04353804,4.773010587,3.389256415,846,23,3.926,84
,4.8991,24.00118081,91.5021,11.99331966,34.96885385,-0.345316327,0.074556329,5.716311251,12.0958892,1344.04,0,49.869067,12,12,40,0.197106715,-0.110852743,-0.014075255,-0.025957451,0.110553688,35.56066355,29.28843265,43.5797737,46.69322897,40.09577201,1859.441968,2205.595824,3133.35489,3270.446651,2770.929869,1,23,27.430933,0,0,0,12,0,2,1,0,0,0,0,0,0.196735636,0.422850777,0,0,0,0.086066699,0.217204684,1.438505049,0,0.247193875,0,1.066919779,0,0.136930639,0,14.81962648,10.14786705,9.274857208,7.302478732,6.293589788,5.578309202,3.990019244,3.077295492,13.91583771,8.33117204,7.010513421,4.940160424,3.830862073,3.093980459,2.024758109,1.387623289,2.870858196,4.75437656,7.457996159,1.854620422,2.716681455,3.878232314,332,0.666666667,0.099907026,0,2,0.294117647,0,0,0,0,0,0,2,0,3,0,0,7,0,0,0,0,5,0,0,0,0,0,0,0,0,0,0,0,0,2,0,0,0,0,0,0,0,0,0,0,0,0,0,0,0,0,0,0,0,1,0,0,0,1,0,0,0,0,0,0,0,0,0,0,0,0,0,0,0,0,0,0,0,0,0,0,0,0,0,15.87901701,7.05078125,3.673469388,5,13,0,3,2.89,0.5,3.405757844,1.479388664,0,12.3602603,16.8988089,0,4.329638386,0,0,0,0,0,0,0,0,0,0,0.25,0.444444444,0.8,4,3,3,1,1,0,0,0,3,0,0,0,31.78,5.523561956,283.6136813,318.0957474,43.09840881,2.052305181,12.30494541,0,6.561860237,896,33,4.923,110
,0.8232,0.67765824,66.1111,11.99342673,31.97207184,-0.307833428,0.23786688,3.990854002,9.985363464,884.07,0,38.435481,5,5,34,0.411145466,-0.317863053,0.182305337,-0.117728076,0.067318088,25.28763485,22.16757167,25.97038158,25.39233315,23.50749922,1012.557704,1074.408182,1260.368036,1087.238813,895.5269664,3,17,25.484519,0,0,0,2,0,4,0,0,0,0,0,0.11785113,0.201184464,0.142258898,0,0,0.032274861,0.055096634,0.050772623,0.606493072,0,0.11785113,0,0.266556942,0,0.039528471,0,12.5102254,8.274386908,6.369226469,5.000679845,3.628240335,2.079515918,1.157356904,0.740969164,10.81784268,6.433245209,4.420568102,3.122531803,2.075825039,1.253433877,0.774441479,0.439523141,1.513019337,1.962094759,1.454093772,0.615456547,0.782588242,0.634292201,301,0.294117647,0.402293677,4,5,0.555555556,0,0,0,0,0,0,2,0,3,0,0,1,0,0,1,1,2,0,0,0,0,0,0,2,1,1,0,0,1,0,0,0,0,0,0,0,0,0,0,0,0,0,0,0,0,0,0,0,0,1,0,0,0,0,0,0,0,0,0,0,0,0,0,0,0,0,0,0,0,0,0,0,0,0,0,0,0,0,0,15.05882353,9,5.928166352,9,6,0,2,1.79,0.1,1.914453494,1.650963624,0,2.583139262,4.514741908,0,0.863054374,0,0,0,0,0,0,0.976475771,0,2.217157644,0,0,0.454545455,0.833333333,7,1,1,1,1,0,0,1,0,0,0,0,101.83,5.087462841,226.9306794,253.1235407,33.31449233,1.959676019,20.06119708,0,17.04167631,664,18,1.184,74
,2.4646,6.07425316,55.4461,11.99853694,34.97015579,-0.262214502,0.152582405,6.597744645,10.74300649,394.05,0,29.501137,6,6,23,0.240741673,-0.156437236,0.068211262,-0.028711629,-0.08903265,30.50584072,19.90063288,29.55175119,30.68877734,30.35094213,944.5635914,1074.861306,1415.097564,1203.825574,910.9669183,3,15,13.318863,0,0,0,6,0,2,0,0,0,0,0,0.144337567,0.170103454,0.243120851,0,0,0.055901699,0.052007111,0.080558028,0.81161143,0,0.19245009,0,0.445728535,0,0.081831709,0,9.966255326,6.770856948,5.935510753,4.860979185,3.84637572,2.439172116,1.549833673,0.888561744,8.861264803,5.021298309,3.693163112,2.510270743,1.709206496,0.839156174,0.488969205,0.219257263,1.888541495,2.841870026,3.430565368,0.868472324,1.172564758,1.147166628,167,0.857142857,0.159027251,2,3,0.222222222,0,0,0,0,0,0,0,0,2,0,0,3,0,0,0,1,3,0,0,0,0,0,0,2,0,0,0,1,0,0,0,0,0,0,0,0,0,0,0,0,0,0,0,0,0,0,0,0,0,0,0,0,0,2,0,0,0,0,0,0,0,0,0,0,0,0,0,0,0,0,0,0,0,0,0,0,0,0,0,10.51555556,4.68,2.5344,0,10,0,0,1.9,0,0,0,0,3.087570567,6.98229686,0,3.301927249,0,0,0,0,0,0,0,0,1.5,0,0,0.428571429,0.75,2,2,1,2,1,0,0,1,1,0,0,0,36.42,4.906890596,181.4739843,229.0173527,28.17995849,2.012854178,14.18705509,0,9.103726126,301,17,2.682,70
,2.9688,8.81377344,83.7357,11.99330967,14.00928789,-0.354662733,0.028323623,5.074227428,11.51085353,1556.02,0,48.549446,12,12,42,0.133795655,-0.072002373,0.008906176,-0.043227653,0.071234914,20.7199606,22.83090967,29.9970916,35.32945547,31.69234417,1523.421663,1783.180133,2465.072091,2900.409871,2412.01668,1,22,26.690554,0,0,0,10,2,2,3,0,0,0,0,0,0.166666667,0.214076175,0,0,0,0.055555556,0.06412891,0.741581624,0,0.247193875,0,0.412280532,0,0.098348174,0,13.78624628,9.898178148,8.153769428,7.084888361,6.120693194,5.233746066,3.762709472,2.848987333,12.10154965,7.478802072,5.366169407,4.036996757,3.025064137,2.219151413,1.436692663,0.935634208,2.272302045,4.146740313,6.258833608,1.093767761,1.746981378,2.299200973,314,0.75,0.057367562,1,2,0.333333333,0,0,0,0,0,0,1,0,5,0,0,8,0,0,0,0,4,0,0,0,0,0,0,1,0,0,0,0,0,1,0,0,0,0,0,0,0,0,0,0,0,0,0,0,0,0,0,0,0,0,0,0,0,0,0,0,0,0,0,0,0,0,0,0,0,0,0,0,0,0,0,0,0,0,0,0,0,0,0,14.91735537,7.319857313,3.4425,5,13,0,3,3.22,0,2.061298421,0.6172134,0,21.4769147,18.98371186,0,3.086163688,0,0,0,0,0,0,0,0,0,0.25,0,0.444444444,0.8,4,3,2,1,2,0,0,0,2,1,0,0,15.27,5.459431619,267.1895741,266.1782989,41.43709161,2.071854581,6.29974829,0,6.29974829,759,34,3.791,102
,-1.0577,1.11872929,55.6893,11.9,15.99692824,-0.393163617,0.195841124,4.230722646,9.582419081,689.07,0,32.407516,9,10,29,0.626669442,-0.405880125,0.129558168,-0.10547166,0.158444061,20.76332831,21.82400531,31.84441558,30.20398852,26.73310426,940.2894493,1127.220245,1616.745222,1395.666067,1183.000658,0,19,20.974484,0,0,2,1,0,2,3,0,0,0,0,0.214076175,0.39856859,0.706441346,0,0,0.096908895,0.136985678,0.156375411,1.014741363,0,0.275377538,0,0.422824028,0,0.060543921,0,11.82806265,8.292024998,7.324507524,6.62568281,5.613403461,4.059119218,2.991992995,2.028076729,9.022251284,5.421405596,3.993994718,2.93847181,2.075992063,1.200162187,0.700481708,0.387314078,2.776484182,4.613725439,5.849593172,0.909652466,1.254216036,1.24111123,260,0.823529412,0.395144345,2,5,0.5,0,0,0,0,0,0,0,0,3,0,0,2,2,0,0,0,1,2,0,0,0,0,0,0,0,0,0,0,3,0,0,1,0,2,0,1,0,0,0,0,0,0,0,0,0,0,0,0,0,0,0,0,0,0,0,0,0,0,0,0,0,0,0,0,0,0,0,0,0,0,0,0,0,0,0,0,0,0,0,12.05540166,4.938271605,2.171745152,2,10,0,0,1.79,0,0,0,0,2.831012724,8.509893762,0,3.92513639,0,0,0.111111111,0.471404521,0,0,0,0,1.144714243,1.190550789,0,0.444444444,0.8,2,3,2,2,1,0,0,2,1,0,0,0,93.29,5.247927513,182.458815,236.0909403,35.01593004,2.059760591,20.88278412,8.114020455,12.76876367,502,25,0.196,92
,3.5946,12.92114916,106.9991,11.9942907,34.9688538,-0.393499476,0.074516377,3.781387799,12.22746746,2375.05,0,60.947411,12,12,53,0.493897481,-0.253799931,-0.210619285,0.380238705,-0.151749471,35.98184858,31.94513817,42.06309074,43.25617995,40.1113201,1835.131778,2115.385742,2843.177523,2978.845187,2799.713173,2,28,35.812589,0,0,0,10,2,8,1,0,0,0,0,0,0.268728739,0.297409508,0,0,0,0.109852793,0.130275918,1.103910391,0,0.166666667,0,0.733195377,0,0.07530801,0,18.19202368,12.77518825,10.62553318,8.700673957,7.066127485,5.985463268,3.794350172,3.003568964,15.81413944,9.609263541,7.014795848,5.112537277,3.625884765,2.709859374,1.57982222,1.090948832,2.597122564,4.27678014,6.228502579,1.510173573,2.107437747,2.6259665,634,0.730769231,0.096051029,1,4,0.428571429,0,0,0,0,0,0,0,0,8,0,0,9,1,0,0,0,3,0,0,0,0,0,0,0,0,0,0,0,0,2,0,0,0,1,0,1,0,0,0,0,0,0,0,0,0,0,0,0,0,0,0,0,0,1,0,0,0,0,0,0,0,0,0,0,0,0,0,0,0,0,0,0,0,0,0,0,0,0,0,20.72704082,11.11111111,6.260869565,6,6,0,2,3.22,0,0,0,0,28.60178059,18.2038037,0,2.701599969,0,0,0,0.333333333,0,0,0,0,0,0,0.333333333,0.466666667,0.875,8,3,2,3,2,0,0,0,3,0,0,0,35.94,5.807354922,351.8690491,374.176106,53.12488961,2.043264985,14.88193419,5.364447933,6.99009705,1831,37,2.714,128
,2.4675,6.08855625,60.732,11.85,15.99592119,-0.331110519,0.266166035,4.235712072,9.292052413,879.02,1,36.486274,6,6,33,0.19793977,-0.091022808,-0.007139788,-0.004794322,-0.002437473,16.54893807,15.66418395,21.43865299,20.32836791,17.32836791,846.9053212,932.2289849,1189.536366,1094.810952,844.3793778,0,15,20.635726,0,0,1,4,2,3,1,2,0,0,0,0,0.083333333,0.107038088,0,0,0,0.027777778,0.035679363,1.304822525,0,0.288675135,0,0.81936666,0,0.074464836,0,11.42228525,7.002907755,6.5134884,4.491286286,3.16071541,2.234780858,1.312556756,1.007604934,9.526670282,5.320300906,4.399478124,2.49409561,1.556376776,0.92516632,0.512562744,0.339719623,2.323671627,2.797028881,3.275914725,1.032895865,1.122364259,1.03661127,203,0.4,0.18095317,1,2,0.461538462,0,0,0,0,0,0,3,0,1,0,0,4,2,0,0,1,2,0,0,0,0,0,0,0,0,0,0,0,0,0,0,0,0,1,1,0,0,0,0,0,0,0,0,0,0,0,0,0,0,0,0,0,0,0,0,0,0,0,0,0,0,0,0,0,0,0,0,0,0,0,0,0,0,0,0,0,0,0,0,13.06666667,5.915,4.165289256,4,6,0,3,2.67,0.595275394,3.919629443,4.290961841,0,4.883593419,10.75689328,0,3.386545745,0,0,0.5,0,0,0,0,0,0,0,0,0.444444444,0.8,4,1,1,1,1,0,0,0,1,0,0,0,37.3,4.906890596,217.1824187,206.13068,29.08329593,1.938886396,4.76481125,4.76481125,0,404,19,3.641,70
,2.2259,4.95463081,102.5321,11.9961462,15.99826917,-0.375770756,0.276609678,4.927011609,9.65471277,2269.07,0,60.733825,18,18,53,0.596286561,-0.374894383,0.177529889,-0.140976091,0.067526553,31.34883958,32.65809526,43.12531583,43.37428661,35.59883652,1691.689305,1897.900026,2447.184326,2387.878907,1931.36994,0,30,35.484175,0,0,4,7,2,2,4,0,0,0,0,0,0.234708048,0.424376455,0,0,0,0.059170579,0.08679739,1.432625685,0,0.201184464,0,0.5885404,0,0.0372678,0,19.76937395,13.65219834,11.62891648,9.505234587,7.39396839,6.01007623,3.603662168,2.372602931,16.23512316,9.373585921,6.600321325,4.43953948,2.884042895,1.982257837,1.045733556,0.614699922,3.180935467,4.466198613,5.833223756,1.039747079,1.224458099,1.330398328,832,0.857142857,0.244698835,2,4,0.333333333,0,0,0,0,0,0,2,0,5,0,0,7,0,0,0,0,6,0,0,0,0,0,0,1,1,0,0,0,3,0,0,0,0,0,1,1,0,0,0,0,0,0,0,0,0,0,0,0,0,0,0,0,0,0,0,0,0,0,0,0,0,0,0,0,0,0,0,0,0,0,0,0,0,0,0,0,0,0,0,22.68,12,7.335069444,5,8,0,4,3,0.055555556,3.106598927,2.013884827,0,12.1269176,17.07070422,0,4.058814232,0,0,0,0.090909091,0,0,0,0,1.953016114,0,0,0.5,1,9,3,3,3,3,0,0,0,3,0,0,0,92.79,5.906890596,361.7388859,379.2008252,56.95979517,2.034278399,20.67319241,5.364272319,15.30892009,2649,39,2.582,138
,3.5426,12.55001476,117.6639,11.99364574,31.97207246,-0.367413846,0.2766161,5.150504254,9.809666927,2552.08,0,64.967411,17,17,56,0.618838905,-0.386376078,0.125620626,-0.027252456,-0.021097441,38.47659262,37.16384761,48.79670633,46.71737872,41.94028411,1910.204785,2128.035922,2736.383299,2506.053893,2212.472358,1,31,40.610589,0,0,3,7,2,5,1,0,0,0,0,0.11785113,0.318041382,0.472488978,0,0,0.034020691,0.085766527,0.120030185,1.915788933,0,0.11785113,0,0.933452326,0,0.0186339,0,20.63961743,13.99120364,12.59070428,9.406385858,7.539943311,5.808188752,3.745611895,2.5543517,17.88251776,10.68925705,8.254419927,5.19234036,3.520938064,2.401268242,1.441807976,0.924164396,3.211579242,4.585995213,5.656506932,1.176320322,1.417874234,1.495625629,944,0.793103448,0.271909764,2,4,0.380952381,0,0,0,0,0,0,3,0,5,0,0,6,0,0,0,0,6,0,0,0,0,0,0,1,1,0,0,0,2,1,0,0,0,0,1,0,1,0,0,0,0,0,0,0,0,0,0,0,0,1,0,0,0,0,0,0,0,0,0,0,0,0,0,0,0,0,0,0,0,0,0,0,0,0,0,0,0,0,0,23.65868887,12.14277216,8.215277778,5,8,0,2,2.89,0.323165204,3.999888077,2.473528526,0,9.645261416,15.95466585,0,3.838511479,0,0,0,0.1,0,0,0,0,1.650963624,0.342918402,0,0.5,1,10,3,3,3,3,0,0,1,2,0,0,0,112.35,5.95419631,382.8843686,413.1885463,58.71126983,2.024526546,23.93799215,5.655165174,15.24328019,3027,37,2.185,144
,2.9816,8.88993856,87.5375,11.99331963,15.99492044,-0.348799668,0.109108935,4.759590106,10.58351662,1605.04,0,49.358239,12,12,44,0.400459728,-0.269580868,0.062539858,0.052761182,-0.10362784,22.85440994,23.99363942,30.02125585,29.18743779,25.82772938,1287.078168,1434.05637,1836.194789,1812.166262,1623.354964,1,22,32.339761,0,0,2,8,1,3,0,0,0,0,0,0,0.185395406,0.176776695,0,0,0,0.052622978,0.042093196,1.149829914,0,0.083333333,0,0.671658704,0,0.028867513,0,15.0791395,10.18587185,8.660068768,6.611063857,5.002571379,4.160765009,2.607357404,1.819653776,12.99001157,7.12449114,5.260842245,3.322894953,2.08745244,1.496971918,0.818955831,0.490683536,2.109183635,2.787130334,3.644540459,0.956827679,1.017473309,1.167470557,377,0.666666667,0.100286091,0,3,0.352941176,0,0,0,0,0,0,3,0,3,0,0,8,0,0,0,0,3,0,0,0,0,0,0,0,0,0,0,0,1,2,0,0,0,0,0,1,0,0,0,0,0,0,0,0,0,0,0,0,0,0,0,0,0,0,0,0,0,0,0,0,0,0,0,0,0,0,0,0,0,0,0,0,0,0,0,0,0,0,0,17.3553719,9.209183673,5.950413223,6,7,0,2,2.89,0.481411137,5.577151011,1.593987854,0,15.01665015,11.07106888,0,0.793700526,0,0,0,0,0,0,0,0,0,0.632455532,0.333333333,0.454545455,0.833333333,7,2,2,2,2,0,0,0,2,0,0,0,28.6,5.459431619,282.0370351,285.1841125,42.17272942,2.00822521,12.33585582,2.782921821,9.552934001,1004,27,3.185,100
,3.8337,14.69725569,84.4236,11.99431371,14.00827855,-0.302424956,0.053917951,6.270917297,11.56879523,1469.02,0,47.21586,12,12,40,0.181716411,-0.113701466,-0.057537824,0.105391996,-0.018205627,20.7199606,23.9970916,34.16327353,39.3570719,36.16327353,1686.441262,2045.738389,2999.067462,3491.601038,2941.600114,1,23,25.82414,0,0,0,9,3,3,2,0,0,0,0,0,0.234708048,0.360684977,0,0,0,0.096380385,0.149393476,1.166339522,0,0.30274943,0,0.758188185,0,0.145352494,0,13.52673326,9.82649984,8.898418359,7.8584051,7.04635884,6.381769468,4.671580364,3.583327878,11.91900674,7.436433326,5.97573815,4.679497502,3.639886671,2.882467056,1.88314799,1.233015317,3.027993036,5.435820244,8.69848959,1.706438676,2.625805428,3.674027196,280,0.95,0.024530342,0,2,0.333333333,0,0,0,0,0,0,1,0,4,0,0,8,1,0,0,0,4,0,0,0,0,0,0,0,0,0,0,0,0,2,0,0,0,0,0,0,0,0,0,0,0,0,0,0,0,0,0,0,0,0,0,0,0,0,0,0,0,0,0,0,0,0,0,0,0,0,0,0,0,0,0,0,0,0,0,0,0,0,0,13.64839319,5.652892562,2.493435944,0,7,0,0,3.22,0,2.427091874,1.116645971,0,18.26131895,21.72539019,0,5.234105829,0,0,0,0,0,0,0,0,0,0,0.333333333,0.375,0.6,0,4,2,1,2,0,0,0,3,1,0,0,6.48,5.523561956,254.8331154,264.1626488,42.22875704,2.111437852,6.85431879,0,6.85431879,687,38,3.54,112
,4.3706,19.10214436,88.7734,11.85,34.96885367,-0.277599827,0.153792847,4.911559844,11.88160638,1015.05,0,46.385309,17,17,36,0.323976247,-0.150267311,-0.034339501,-0.036414508,0.086451712,33.29493495,29.69682928,45.08891114,50.67069625,48.76737842,1823.499607,2217.536126,3266.662271,3709.779002,3315.555918,0,26,20.454691,0,0,2,12,2,2,0,0,0,0,0,0.096225045,0.371196697,0.560406552,0,0,0.028867513,0.115547724,0.144182855,1.582188487,0,0.442375608,0,0.755514491,0,0.130616485,0,15.97432702,11.14786705,10.30479797,9.054363455,7.98653094,6.701068779,4.828785098,3.771538316,13.17940761,7.656002257,5.87474778,4.229093123,3.125559206,2.20210094,1.334563591,0.879262139,4.002162267,7.065604664,10.50516077,1.52616897,2.262366923,2.805155603,361,0.869565217,0.092839199,0,2,0.111111111,0,0,0,0,0,0,1,0,1,0,0,8,0,0,0,1,7,0,0,0,0,0,0,0,0,0,0,1,1,0,0,1,0,0,0,0,0,1,0,0,0,0,0,0,0,0,0,0,0,0,0,0,0,1,0,0,0,0,0,0,0,0,0,0,0,0,0,0,0,0,0,0,0,0,0,0,0,0,0,16.46745562,6.718836565,3.017832647,0,19,0,0,2.89,0,1.627413328,2.094140694,0,9.123544769,22.21060477,0,10.32772012,0,0,0,0,0,0,0,0,0.25,0.816496581,0,0.444444444,0.8,1,4,3,2,3,0,0,1,2,1,0,0,30.18,5.700439718,268.2991261,325.0782034,47.811309,2.078752565,14.85607834,0,9.743583072,1035,43,4.574,128
,2.8625,8.19390625,82.5298,11.99432279,14.00856242,-0.3028326,0.112913696,6.260494715,11.48541914,1384.03,0,45.889067,12,12,39,0.252223241,-0.176040226,0.022449614,0.037508861,-0.053320859,21.0799409,24.32945547,34.68943577,40.02179963,36.82800126,1637.935173,1986.769176,2912.043145,3389.041335,2855.610119,1,23,26.050933,0,0,2,6,3,3,2,0,0,0,0,0,0.234708048,0.360684977,0,0,0,0.090119181,0.142166041,1.166339522,0,0.30274943,0,0.743638462,0,0.133472695,0,13.52673326,9.82649984,8.898418359,7.8584051,7.04635884,6.381769468,4.671580364,3.583327878,11.78887006,7.296230545,5.833158423,4.518013329,3.491413868,2.7503056,1.78357705,1.156647863,3.027993036,5.435820244,8.69848959,1.635499586,2.490445486,3.463972664,280,0.95,0.073050813,0,3,0.352941176,0,0,0,0,0,0,1,0,4,0,0,7,1,0,0,0,4,0,0,0,0,0,0,0,0,0,0,0,1,2,0,0,0,0,0,0,0,0,0,0,0,0,0,0,0,0,0,0,0,0,0,0,0,0,0,0,0,0,0,0,0,0,0,0,0,0,0,0,0,0,0,0,0,0,0,0,0,0,0,13.64839319,5.652892562,2.493435944,0,7,0,0,3,0,2.26432692,1.116645971,0,15.06097876,19.7293471,0,5.234105829,0,0,0,0,0,0,0,0,0,0.632455532,0.333333333,0.375,0.6,0,4,2,1,2,0,0,0,3,1,0,0,19.37,5.523561956,248.533891,265.1578978,42.22875704,2.111437852,9.97893535,0,9.97893535,687,38,3.016,112
,0.8509,0.72403081,70.8883,11.9,15.99492043,-0.27453194,0.238594514,5.390164665,11.2389485,989.05,0,40.937102,12,12,34,0.380421946,-0.238574968,0.117124133,-0.157316252,0.103055311,22.21439024,24.82772938,34.43351544,43.37514746,44.14970679,1472.738028,1811.830483,2530.808449,3091.55253,2720.711971,0,23,21.542898,0,0,5,4,2,1,3,0,0,0.288675135,0.166666667,0,0.39856859,0.711890024,0.288675135,0.129099445,0,0.162435223,0.247054388,1.293513353,0,0.449838599,0,0.623686555,0,0.138891915,0,13.68986997,9.754020195,8.975829375,7.593918989,6.788946537,5.925885903,4.243235549,3.044043501,11.12820425,6.766994856,5.256326351,3.488858094,2.532468774,1.815292854,1.112840485,0.649093096,3.388565832,6.026545631,9.621783598,1.277673229,1.809986775,2.369101639,259,0.9,0.218400373,1,5,0.266666667,0,0,0,0,0,0,1,0,1,0,0,5,1,0,0,1,5,0,0,0,0,0,0,1,0,0,0,0,2,1,0,0,0,0,1,0,0,0,0,0,0,0,0,0,0,0,0,0,0,0,0,0,0,0,0,0,0,0,0,0,0,0,0,0,0,0,0,0,0,0,0,0,0,0,0,0,0,0,0,13.64839319,5.325259516,2.390625,0,16,0,0,2.56,0,1.442060894,2.230316166,0,5.346465589,14.73533745,0,9.17259488,0,0,0,0,0,0,0,0,0.825481812,1.310370697,0,0.428571429,0.75,1,4,3,2,1,1,0,0,2,1,0,0,58.12,5.523561956,231.0924499,266.1167612,41.38056742,2.069028371,15.41011775,2.5851437,12.82497405,676,39,2.587,114
,2.3857,5.69156449,61.1129,11.9974454,34.96885345,-0.313923081,0.440030571,3.720014489,9.578955042,569.07,0,32.085723,6,6,28,0.518328685,-0.322210372,0.112161349,-0.195313798,0.16380037,30.29902323,22.86039951,38.16881382,35.70309449,42.34530351,925.2705107,1068.507258,1452.503637,1397.448464,1074.373382,1,18,20.014277,0,0,2,2,1,5,0,0,0,0,0,0,0.170103454,0.200271348,0,0,0,0.074535599,0.066729989,2.052912128,0.288675135,0.520220057,0.11785113,0.502620667,0.013498731,0.096393245,0.003896748,12.46625533,7.982181813,7.921024642,5.638751907,4.758101558,3.236759872,2.080786653,1.534984887,9.645341692,5.554959728,4.100641015,2.868537665,1.962929314,1.2010092,0.582342209,0.36005717,3.09222714,5.05184516,5.757043233,0.969515086,1.247228525,1.226339712,248,0.705882353,0.106240353,1,3,0.5,0,0,0,0,0,0,0,0,4,0,0,2,0,0,0,0,3,0,1,0,0,0,0,1,0,0,0,0,1,1,0,0,0,0,0,0,0,3,0,0,0,0,0,0,0,0,0,0,0,0,0,0,0,1,0,0,0,0,0,0,0,0,0,0,0,0,0,0,0,0,0,0,0,0,0,0,0,0,0,13.43209877,5.325443787,3.26326743,3,7,0,0,1.79,0,0,0,0,5.688218364,6.073644669,1.280490257,1.650963624,1.5,0,0,0,0,0,0,0,0.2,0.816496581,0,0.444444444,0.8,2,2,1,2,1,0,0,0,2,0,0,0,28.16,5.169925001,204.3980364,265.0593598,33.93094422,1.995937895,19.21417436,0,9.528147075,522,25,2.867,88
,2.7336,7.47256896,74.5118,11.9,34.96885348,-0.315336387,0.105733314,6.410639276,11.11079398,954.03,0,41.577102,12,12,33,0.209053522,-0.090398965,0.00115717,0.004928297,-0.103914698,27.84739924,24.94831846,37.56427305,41.22845701,38.89663692,1533.336906,1867.880262,2747.400732,3003.605428,2596.023706,1,22,18.300898,0,0,0,10,2,2,0,2,0,0,0,0.11785113,0.287457479,0.476551877,0,0,0.083333333,0.135167372,0.188977313,1.166339522,0,0.30274943,0,0.709202294,0,0.148991758,0,12.81962648,9.32649984,8.544864969,7.6084051,6.866706023,5.909198014,4.39185996,3.339388932,11.15250769,6.974866106,5.629706401,4.359004251,3.413094751,2.423977376,1.569426736,1.014516317,3.027993036,5.427916802,8.40464003,1.591074385,2.453097901,3.188369993,269,0.947368421,0.078428077,1,1,0.25,0,0,0,0,0,0,0,0,2,0,0,7,2,0,0,0,5,0,0,0,0,0,0,1,0,0,0,0,0,0,0,0,0,0,0,1,0,0,0,0,0,0,0,0,0,0,0,0,0,0,0,0,0,1,0,0,0,0,0,0,0,0,0,0,0,0,0,0,0,0,0,0,0,0,0,0,0,0,0,12.71900826,5.080078125,2.177693762,0,13,0,0,2.89,0,0,0,0,10.01284403,22.09626487,0,9.592508906,0,0,0,0,0,0,0,0,0,0,0,0.375,0.6,0,4,2,1,2,0,0,1,2,1,0,0,21.26,5.459431619,233.2456804,271.0763919,40.12803006,2.112001582,8.829360533,3.192798187,3.083737462,599,35,3.171,108
,1.8283,3.34268089,79.7246,11.99616337,15.99826463,-0.407546939,0.125974544,6.669149759,11.81868243,1429.03,0,47.053067,12,12,40,0.261609725,-0.090972759,-0.000252986,-0.116422023,0.051937707,22.90891837,25.3286398,38.65700771,48.31746759,46.48321225,1712.522025,2104.900954,3188.24921,3809.012886,3303.080327,1,24,23.346933,0,0,0,9,3,3,1,2,0,0,0,0,0.223543499,0.411531963,0,0,0,0.102865075,0.146848006,1.603002802,0.11785113,0.657793163,0.096225045,0.848814188,0.045643546,0.255045738,0.029313588,14.44938299,10.1993253,9.480722408,8.65327958,7.688663455,6.650457546,4.791058782,3.619727131,12.09558438,7.499481025,6.022448699,4.791099526,3.670245791,2.758190078,1.678024925,1.093694413,4.456075748,8.144186761,12.64619773,2.066924308,3.21852298,4.263159316,280,0.904761905,0.14757689,2,2,0.333333333,0,0,0,0,0,0,1,0,3,0,0,7,1,0,0,0,5,0,1,0,0,0,0,1,0,0,0,0,0,0,0,0,0,1,0,1,0,0,0,0,0,0,0,0,0,0,0,0,0,0,0,0,0,0,0,0,0,0,0,0,0,0,0,0,0,0,0,0,0,0,0,0,0,0,0,0,0,0,0,14.58333333,5.570987654,2.306870773,0,13,0,0,3.11,0,2.087949026,2.144261317,0.2,12.15814134,19.58775898,3.769169136,7.325390129,3.14734519,0,0,0.25,0,0,0,0,0,0,0,0.285714286,0.4,0,4,2,1,2,0,0,0,3,1,0,0,41.49,5.584962501,261.4168086,281.141579,43.96833064,2.09373003,8.861207658,5.801070708,3.060136949,751,44,2.186,120
,3.2695,10.68963025,79.8065,11.99331968,34.96885352,-0.341506053,0.087672504,6.302652374,11.42130008,1141.03,0,44.670688,12,12,36,0.23712169,-0.117586558,0.005645624,0.009791497,-0.109851995,28.84739924,26.11450039,39.56427305,43.22845701,40.89663692,1646.61386,2010.076512,2990.309686,3275.169683,2878.123164,1,23,21.807312,0,0,0,10,2,2,0,2,0,0,0,0.096225045,0.358710871,0.548379278,0,0,0.074535599,0.200905237,0.251835237,1.455014656,0,0.30274943,0,0.932809092,0,0.148991758,0,13.68986997,9.720346691,9.190537545,7.882559051,7.14577181,6.37978701,4.70412126,3.616526195,12.09972129,7.347428452,6.192668812,4.647242669,3.711601925,2.810415724,1.773150494,1.168611467,3.32601112,5.900540067,9.331506342,1.8368314,2.858974064,3.851043802,284,0.9,0.04374026,0,1,0.294117647,0,0,0,0,0,0,1,0,2,0,0,7,2,0,0,0,5,0,0,0,0,0,0,0,0,0,0,0,0,1,0,0,0,0,0,1,0,0,0,0,0,0,0,0,0,0,0,0,0,0,0,0,0,1,0,0,0,0,0,0,0,0,0,0,0,0,0,0,0,0,0,0,0,0,0,0,0,0,0,13.64839319,5.325259516,2.390625,0,13,0,0,3,0,1.926801486,1.682249319,0,10.01284403,22.09626487,0,9.592508906,0,0,0,0,0,0,0,0,0,0,0,0.375,0.6,0,4,2,1,2,0,0,1,2,1,0,0,12.47,5.523561956,250.541665,285.0920419,42.00182762,2.100091381,9.025399446,3.193571409,3.278714783,689,37,3.41,114
,3.0756,9.45931536,75.2385,11.85,34.96885354,-0.364263148,0.255881279,4.885738704,11.3168118,709.05,0,39.718723,12,12,31,0.407013954,-0.185776249,-0.137537021,0.18410242,-0.07804376,29.98184858,25.28068233,37.67174003,42.9723713,37.89318474,1452.418795,1720.172892,2417.208386,2729.484575,2276.463823,0,22,15.383277,0,0,1,11,2,1,0,0,0,0,0,0,0.170103454,0.214363179,0,0,0,0.056131276,0.067371005,1.365578516,0,0.358304986,0,0.589215429,0,0.067389777,0,14.1125197,9.647867046,8.830075507,7.405451678,5.95521248,5.364373637,3.690989742,2.669876784,11.13272132,6.448468041,4.832992867,3.262820284,2.267290078,1.674689864,0.943850785,0.543699858,3.217244928,4.685513722,7.57643499,1.036979353,1.367806349,1.790740562,277,0.85,0.215660915,2,4,0.066666667,0,0,0,0,0,0,0,0,0,0,0,8,1,0,0,2,4,0,0,0,0,0,0,1,0,0,0,1,0,0,0,0,0,1,1,0,0,0,0,0,0,0,0,0,0,0,0,0,0,0,0,0,0,1,0,0,0,0,0,0,0,0,0,0,0,0,0,0,0,0,0,0,0,0,0,0,0,0,0,14.91735537,6.405827263,3.276621059,0,17,0,0,2.56,0,0,0,0,8.6630413,17.08090894,0,8.808001697,0,0,0.333333333,0,0,0,0,0,0.333333333,0,0,0.5,1,1,3,2,2,2,0,0,0,2,1,0,0,61.69,5.459431619,242.820224,286.0509054,41.01123571,2.050561786,13.7942982,5.082179349,6.163271773,727,35,3.273,106
,1.3708,1.87909264,77.4454,NA,NA,NA,NA,NA,NA,1429.08,0,47.255446,5,5,43,0.417669192,-0.189771934,-0.112608372,0.139808655,-0.010746296,30.89108135,27.44013302,33.29748127,30.77579188,32.21656953,1213.633906,1296.990111,1554.115187,1352.240298,1306.860465,2,21,32.802554,0,0,2,4,0,4,0,0,0,0,0,0.11785113,0.166666667,0.165963653,0,0,0.034020691,0.072168784,0.103704543,1.428869017,0,0,0,0.63839655,0,0,0,15.66492594,10.00723905,8.716485693,5.561400763,4.519553549,2.893417498,1.760601124,1.193992511,13.96314654,9.027475183,7.118651167,4.889774464,3.539340396,2.398168208,1.725978501,1.217586861,1.724283456,2.691154151,2.598614319,0.843074251,1.164195329,1.107984588,458,0.238095238,0.346595667,2,3,0.5,0,0,0,0,0,0,3,0,4,0,1,2,0,0,0,1,2,0,0,0,0,0,0,2,0,0,0,0,0,1,1,0,0,0,1,0,1,0,0,0,0,0,0,0,0,0,0,0,0,1,0,0,0,0,0,0,0,0,0,0,0,0,0,0,0,0,0,0,0,0,0,0,0,0,0,0,0,0,0,19.04761905,10.68047337,8.888888889,9,7,0,2,2.01,0.430674364,3.534260903,1.64651647,0,5.601275683,6.944992839,0,0.655185349,0,0,0.5,0.2,0,0,0,0,0.5,0.732133982,0.083333333,0.5,1,10,1,1,1,1,0,0,1,0,0,0,0,108.88,5.392317423,283.1957929,314.1412617,41.01337718,1.953017961,22.64570501,7.861877449,11.75264664,1227,22,1.282,94
,-0.6294,0.39614436,48.5331,NA,NA,NA,NA,NA,NA,849.05,2,35.301481,0,0,33,0.480748976,-0.240572767,0.199876765,-0.405414204,0.199878202,19.04336771,17.66100366,26.57037451,33.31801137,33.75206574,943.0156294,1090.99831,1546.546115,1706.468365,1280.225677,0,16,22.778519,0,0,2,0,0,3,3,1,1,0,0,0,0.048112522,0.206136036,0,0,0,0.015625,0.021778857,1.350826006,0.068041382,0.704124145,0.144337567,0.378355001,0,0.080493819,0,12.34493498,7.484434886,6.534319908,5.598396826,4.94639738,2.32439944,1.780293163,0.470672871,8.808060412,4.389628766,3.13664613,2.055799959,1.407498562,0.579497164,0.277544698,0.092292238,3.906952096,7.422794071,7.936078212,0.763743519,1.056999387,0.963892328,182,0.375,0.258524286,2,5,0.727272727,0,0,0,0,0,0,3,0,2,0,0,0,1,0,0,3,0,0,1,0,0,0,0,2,0,0,0,0,0,0,0,0,0,0,3,0,0,0,0,0,0,0,0,0,0,0,0,0,0,0,0,0,0,0,0,0,0,0,0,0,0,0,0,0,0,0,0,0,0,0,0,0,0,0,0,0,0,0,0,14.0625,5.557655955,2.48828125,5,8,0,5,2.12,0.655185349,3.623245714,3.445131318,1.190550789,1.310370697,4.22385761,1.650963624,2.672696154,3.039342743,0,0.75,0,0,0,0,0,0.5,0,0,0.5,1,4,1,0,1,0,0,0,0,1,0,0,0,58.2,5,224.2741966,225.1239175,30.84721773,1.927951108,13.49351352,7.572613746,5.920899773,398,29,2.187,78
,4.2347,17.93268409,86.6973,11.99331967,31.97207196,-0.345315274,0.039119245,5.708644079,11.85239192,1384.03,0,48.35586,12,12,40,0.170992161,-0.104635598,-0.010308246,-0.001857229,0.083615665,26.84771364,26.33666201,37.67623242,40.78968769,33.70169978,1703.14136,2014.006351,2833.685606,2937.375126,2437.779639,1,22,28.10414,0,0,0,12,0,2,1,0,0,0,0,0,0.212027588,0.37445125,0,0,0,0.089788215,0.196149669,1.149829914,0,0.247193875,0,0.877937543,0,0.136930639,0,13.94938299,9.754020195,8.641090013,6.960059955,6.081631043,5.244068618,3.697020215,2.877079232,12.85929456,7.853541728,6.429755696,4.649334685,3.662852525,2.772801303,1.825076544,1.223923512,2.517725009,4.350864458,6.599589725,1.656013297,2.518700018,3.362821261,315,0.7,0.111848351,0,2,0.294117647,0,0,0,0,0,0,2,0,3,0,0,8,0,0,0,0,4,0,0,0,0,0,0,0,0,0,0,0,0,2,0,0,0,0,0,0,0,0,0,0,0,0,0,0,0,0,0,0,0,1,0,0,0,0,0,0,0,0,0,0,0,0,0,0,0,0,0,0,0,0,0,0,0,0,0,0,0,0,0,14.91735537,6.84,3.4425,5,13,0,3,3,0.5,3.642501552,1.2344268,0,15.19023416,15.32500126,0,3.301927249,0,0,0,0,0,0,0,0,0,0,0.25,0.444444444,0.8,4,3,3,1,1,0,0,0,3,0,0,0,31.78,5.459431619,268.4026135,284.1347198,41.24802737,2.062401369,9.751148683,0,6.561927738,789,31,4.301,104
,1.1763,1.38368169,35.0083,11.99632004,15.99870276,-0.359655276,0.312137467,4.101150381,8.132381377,166.03,1,18.726758,6,6,16,0.257337317,-0.109937464,0.028457584,-0.112111337,0.065809832,12.32340711,10.99627593,15.10283694,14.32464384,11.20939796,412.9391205,453.5423573,565.1205327,467.4594328,235.392542,0,10,7.517242,0,0,1,5,1,0,0,0,0,0,0,0,0.083333333,0.131445856,0,0,0,0.027777778,0.026311489,0.705118357,0,0.232307808,0,0.182362053,0,0.031810057,0,7.560477932,4.715214055,4.169612481,3.034129906,2.335345682,1.341715763,0.565641142,0.240562612,5.112076558,2.72868801,1.822301623,1.134458362,0.654489245,0.341665154,0.096965022,0.02997413,1.498266827,2.174558379,2.133706448,0.333330386,0.339091503,0.264709706,76,0.6,0.416788335,2,2,0,0,0,0,0,0,0,0,0,0,0,0,4,0,0,0,1,2,0,0,0,0,0,0,0,0,0,0,0,0,0,0,0,0,2,1,0,0,0,0,0,0,0,0,0,0,0,0,0,0,0,0,0,0,0,0,0,0,0,0,0,0,0,0,0,0,0,0,0,0,0,0,0,0,0,0,0,0,0,0,8.1,3.408284024,1.991111111,3,10,0,0,1.9,0,0,0,0,3.965406457,5.553157574,0,2.381101578,0,0,0.944940787,0,0,0,0,0,0,0,0,0.4,0.666666667,1,1,1,1,1,0,0,0,1,0,0,0,57.53,4.321928095,122.1967377,138.0316941,19.38481891,1.938481891,7.332074253,7.332074253,0,114,12,1.66,46
,3.4769,12.08883361,108.7329,11.89,78.91833751,-0.266707634,0.27661025,5.125507065,9.820355029,2160.07,0,62.315032,18,18,52,0.46205439,-0.291938325,0.182571694,-0.203547745,0.12799117,73.83246133,37.64658677,54.7664828,54.73372839,45.07382156,1871.430983,2097.802782,2720.63476,2597.882427,2035.218419,0,30,33.764968,0,0,4,6,3,3,4,0,0,0,0,0,0.219416097,0.490720611,0,0,0,0.056287905,0.131205079,1.790336414,0,0.23570226,0,1.001279238,0,0.064277446,0,19.93251065,13.50804039,12.07163962,9.523509174,7.348959121,5.939968142,3.691516746,2.277256435,17.71348561,10.15387759,7.780768254,4.958137022,3.363470309,2.234787034,1.28672437,0.679518255,3.549737855,4.775633247,6.405052376,1.47439293,1.80760809,2.043578376,867,0.857142857,0.18942845,2,4,0.333333333,0,0,0,0,0,0,2,0,5,0,0,6,0,0,0,0,7,0,0,0,0,0,0,1,1,0,0,0,3,0,0,0,0,0,1,0,0,0,0,0,0,0,0,0,0,0,0,0,0,0,0,0,0,0,0,0,0,0,0,0,0,0,0,0,0,0,0,0,0,1,0,0,0,0,0,0,0,0,0,22.68,11.4075,7.335069444,5,8,0,4,3,0.058823529,3.124605487,2.515571599,0,10.33777717,18.05366939,0,4.890003881,0,0,0,0,0,0,0,0,1.953016114,0,0,0.473684211,0.9,8,3,3,3,3,0,0,0,3,0,0,0,83.56,5.906890596,372.2322782,441.1164227,56.78364217,2.02798722,20.36674015,2.569293043,15.28176499,2666,39,3.691,140
,0.2909,0.08462281,37.9792,11.98851868,15.99592224,-0.296764056,0.289511167,4.923919417,8.9408889,328.06,0,23.658344,9,10,21,0.502841034,-0.393404175,0.357133792,-0.382597074,0.208810536,15.98885928,16.32600329,24.90332734,26.9275215,20.12374582,706.3590898,841.2205864,1224.488728,1123.147863,713.7600593,0,14,16.601656,0,0,2,1,0,0,0,0,0,0,0,0.11785113,0.173119801,0.454460322,0,0,0.032274861,0.043071187,0.089718847,1.041965886,0,0.546023729,0,0.422575173,0,0.112557489,0,9.585421959,6.125897658,5.695079906,5.463584583,4.060481406,2.704431001,1.744553144,0.880095409,7.235487637,3.717583495,2.806903994,2.029396146,1.268923286,0.662718961,0.339170379,0.126786703,3.287090341,5.071883638,7.264556052,0.934637364,1.165343496,1.28535631,122,0.692307692,0.403632637,1,1,0.285714286,0,0,0,0,0,0,2,0,0,0,0,1,0,0,0,0,0,2,0,0,0,0,0,0,1,0,0,0,1,0,0,2,0,0,2,0,0,0,0,0,0,0,0,0,0,0,0,0,0,0,0,0,0,0,0,0,0,0,0,0,0,0,0,0,0,0,0,0,0,0,0,0,0,0,0,0,0,0,0,9.551020408,3.292517007,1.333333333,0,11,0,0,1.57,0.25,0.447213595,3.039342743,0,0,1.519671371,0,3.532775529,0,0,0.25,0,0,0,0,0,0.5,1.373178096,0.5,0.2,0.25,0,2,2,1,1,0,0,1,1,0,0,0,72.68,4.807354922,145.0370931,180.0647256,25.92853569,1.994502746,17.55661077,5.04099664,12.51561413,211,22,-0.028,70
O,-0.0422,0.00178084,88.2008,11.89,15.99693127,-0.345103023,0.20413671,4.754139107,9.736755833,2095.05,0,54.956204,6,6,51,0.493041675,-0.200497417,-0.021559032,-0.128859609,0.143112029,26.04336771,24.99309564,32.54310506,32.32146355,33.15112027,1272.734706,1387.114642,1733.413688,1734.162028,1605.669863,1,23,35.761796,0,0,1,6,1,6,4,0,0,0,0,0,0.068041382,0.135508755,0,0,0,0.024056261,0.033877189,1.537130334,0,0.204124145,0,0.677333673,0,0.046473128,0,17.24227621,10.93475941,9.508435537,6.386574236,5.06361733,3.652605149,2.444655004,1.784710446,14.56967985,8.246670677,5.876140946,3.250942332,2.104313052,1.290094751,0.700036343,0.410043104,2.460619597,3.523647536,4.46436675,0.880658269,1.004337598,1.02535386,499,0.260869565,0.210580561,2,4,0.555555556,0,0,0,0,0,0,4,0,5,0,0,3,1,0,0,2,3,0,0,0,0,0,0,2,0,0,0,0,0,0,0,0,0,0,2,1,0,0,0,0,0,0,0,0,0,0,0,0,0,0,0,0,0,0,0,0,0,0,0,0,0,0,0,0,0,0,0,0,0,0,0,0,0,0,0,0,0,0,0,21.04347826,11.53626635,8.59375,7,12,0,4,2.89,0.697550113,5.155861951,4.413901767,0,6.948289278,13.01366751,0,4.144487122,0,0,0.142857143,0.377964473,0,0,0,0,0.111111111,0,0,0.466666667,0.875,11,1,1,1,1,0,0,0,1,0,0,0,67.43,5.523561956,331.8096303,320.209993,44.97747715,1.955542485,13.93651928,8.015896594,5.920622683,1430,29,2.745,104
,-1.1389,1.29709321,50.9204,11.99347875,15.99692829,-0.39345341,0.258970445,3.813371527,9.274244974,544.08,0,29.320723,9,10,27,0.695088137,-0.449663304,0.16182154,-0.179337736,0.235062526,20.12330861,19.99018724,27.7340103,27.03807848,24.14827225,808.3837819,938.7310739,1295.271556,1164.555941,914.5003646,0,17,19.519277,0,0,2,1,0,2,0,0,0,0,0,0.096225045,0.247193875,0.491385277,0,0,0.028867513,0.061731541,0.079961788,0.963209589,0,0.219821982,0,0.312769551,0,0.043003641,0,11.5436056,7.719545353,6.714781182,5.38429151,4.643260105,3.369338778,2.461049864,1.505141299,8.381371845,4.613430052,3.098693096,1.959102922,1.292710155,0.769817168,0.409929945,0.205979352,2.171079256,3.776028615,5.06963041,0.572594553,0.746511714,0.776035584,239,0.5625,0.528908506,3,5,0.375,0,0,0,0,0,0,0,0,3,0,0,1,0,0,0,0,1,2,0,0,1,0,0,0,1,0,0,0,2,0,0,1,0,1,1,1,0,0,0,0,0,0,0,0,0,0,0,0,0,0,0,0,0,0,0,0,0,0,0,0,0,0,0,0,0,0,0,0,0,0,0,0,0,0,0,0,0,0,0,12.4567474,5.557655955,2.831111111,5,11,0,2,1.46,0,0,0,0,2.40685195,3.96834881,0,3.532775529,0,0,0.111111111,0.471404521,0,0,1.10520945,0.25,1.144714243,1.190550789,0,0.444444444,0.8,4,2,2,1,1,0,0,1,1,0,0,0,119.05,5.087462841,182.1200646,225.0861893,32.17818015,2.011136259,23.12769546,7.949670046,15.17802541,453,22,-1.308,80
,-1.5787,2.49229369,44.1259,11.99342705,14.0091016,-0.357192167,0.049236893,6.58805723,9.872196939,790.01,0,30.035481,0,0,28,0.02507255,-0.00619121,-0.005903056,-0.000406367,-3.56E-05,11.3599803,13.16618193,21.4985458,15.4985458,6.4985458,811.1046379,999.5172556,1532.45578,1112.50507,374.1992693,1,13,17.924519,0,0,0,0,0,0,6,4,0,0,0,0,0.244818077,0.696114263,0,0,0,0.244818077,0.62139964,1.539149131,0.176776695,0,0,1.222161833,0.102062073,0,0,7.474691495,5.234894786,5.7282156,4.344423243,4.543658972,3.437816924,2.673367774,1.358824684,7.052041764,5.023569921,5.279927864,4.085604198,4.177633568,3.226492059,2.374509283,1.272551669,2.185504621,4.687596942,6.079687565,1.819479217,3.805477374,4.966515934,91,0.909090909,0.172162707,1,1,1,0,0,0,0,0,0,0,0,6,0,0,0,3,0,0,0,0,0,1,0,1,0,0,0,0,0,0,0,0,0,0,0,0,0,0,0,0,0,0,0,0,0,0,0,0,0,0,0,0,0,0,0,0,0,0,0,0,0,0,0,0,0,0,0,0,0,0,0,0,0,0,0,0,0,0,0,0,0,0,6.50887574,1.836734694,0.877914952,0,0,0,0,2.45,0,0,0,0,6.529129225,10.39230485,3.464101615,1.5,1.5,0,0,0,0,0,0,0,0,0,0,0.25,0.333333333,0,4,0,1,0,0,0,0,4,0,0,0,26.02,4.700439718,155.4436891,151.1360997,23.19907497,2.109006816,2.576556539,0,2.576556539,124,15,2.312,68
,0.9876,0.97535376,43.9812,11.99345123,14.00910104,-0.360245731,0.039178524,5.549651179,8.716506962,439.01,0,25.608309,6,6,23,0.029961281,-0.00714539,-0.01026796,0.001467608,0.000889696,10.3599803,10.16618193,12.33236387,9.166181933,7.332363866,518.0487731,547.3263282,637.2774829,488.3404976,331.2287645,1,10,13.551691,0,0,0,5,1,1,2,0,0,0,0,0,0.102062073,0.072168784,0,0,0,0.032075015,0.022680461,0.612372436,0,0,0,0.353553391,0,0,0,7.397341225,4.7876937,4.133584955,2.529482726,2.089508593,1.454567768,0.595522031,0.319035594,6.248558666,3.583168886,2.667006589,1.400502198,0.985878359,0.564235114,0.214650184,0.097739201,0.642228525,1.041888478,1.093412989,0.321975275,0.439826406,0.377862235,92,0.6,0.192591234,1,1,0.333333333,0,0,0,0,0,0,1,0,1,0,0,5,1,0,0,0,1,0,0,0,1,0,0,0,0,0,0,0,0,0,0,0,0,0,0,0,0,0,0,0,0,0,0,0,0,0,0,0,0,0,0,0,0,0,0,0,0,0,0,0,0,0,0,0,0,0,0,0,0,0,0,0,0,0,0,0,0,0,0,8.1,4,3.111111111,3,6,0,3,2.34,0,1.460868229,1.154700538,0,7.732315986,5.638173476,0,0.5,0,0,0,0,0,0,0,0,0,0,0,0.5,1,2,1,1,1,1,0,0,0,1,0,0,0,26.02,4.321928095,144.0512457,135.1047995,19.53512296,1.953512296,2.394835284,0,2.394835284,126,9,1.762,44
,-1.2498,1.56200004,48.5897,11.999,31.97207257,-0.331366663,0.385298918,3.626956766,8.355476048,544.07,2,29.937895,0,0,27,0.374910937,-0.259187666,0.10752074,-0.01862724,-0.100790487,26.82153455,26.35903359,26.73977609,14.02093469,13.03343761,487.9210227,484.867687,486.7651318,396.888208,333.3687029,2,11,24.836105,0,0,0,0,0,4,1,0,0,0,0,0,0,0,0,0,0,0,0,1.560660172,0.353553391,0,0,0.519348762,0.067115606,0,0,9.449747468,5.560660172,5.078427125,2.280330086,1.435660172,0.890165043,0.541053391,0.320082521,7.811460583,5.177673949,4.035934556,2.208802661,1.309463483,0.726657951,0.451324765,0.269003855,0.75,0.780330086,0.551776695,0.328485819,0.27973245,0.149695078,156,0,0.610546586,4,5,1,0,0,0,0,0,0,0,0,5,0,0,0,0,0,0,0,0,0,0,0,1,0,0,1,0,0,0,0,0,0,0,0,0,2,1,0,0,0,0,0,0,0,0,0,0,1,0,0,0,1,0,0,0,0,0,0,0,0,0,0,0,0,0,0,0,0,0,0,0,0,0,0,0,0,0,0,0,0,0,12,6.50887574,11.11111111,10,3,0,3,1.24,0,0,0,0,4.508797714,0,0,0,0,0,1.5,0,0,0,0.25,0,0,0,0,0.444444444,0.8,7,0,0,0,0,0,0,0,0,0,0,0,130.69,4.459431619,181.7368598,214.0541001,22.43251192,1.869375993,18.50483334,7.058233139,5.361804426,261,9,-1.866,48
,0.5571,0.31036041,39.6336,11.99632,15.99870399,-0.359613754,0.31214275,4.13521259,8.268634111,214.04,1,20.493551,6,6,18,0.274207128,-0.111037281,0.034324874,-0.123425761,0.084408787,13.68338741,12.16245786,17.43520081,16.65700771,13.92904149,488.3554801,543.027993,702.246689,598.4646442,333.2999171,0,11,7.950449,0,0,1,5,1,0,0,0,0,0,0,0,0.068041382,0.175366474,0,0,0,0.024056261,0.036675307,0.993793492,0,0.232307808,0,0.278587097,0,0.031810057,0,8.43072142,5.109060905,4.803379676,3.354159711,2.679205054,1.462748888,1.043736797,0.19641855,5.612076558,2.928046747,2.081739011,1.252196825,0.729519121,0.38889282,0.160911575,0.025958358,1.838473736,2.723353666,2.770965865,0.432005525,0.44414612,0.385224526,95,0.545454545,0.545926453,3,3,0,0,0,0,0,0,0,0,0,0,0,0,3,0,0,0,1,3,0,0,0,1,0,0,0,0,0,0,0,0,0,0,0,0,2,1,0,0,0,0,0,0,0,0,0,0,0,0,0,0,0,0,0,0,0,0,0,0,0,0,0,0,0,0,0,0,0,0,0,0,0,0,0,0,0,0,0,0,0,0,9.090909091,3.6,2.214532872,3,11,0,0,1.79,0,0,0,0,1.650963624,6.83080311,0,3.14734519,0,0,0.944940787,0,0,0,0,0,0,0,0,0.5,1,1,1,1,1,1,0,0,0,1,0,0,0,83.55,4.459431619,133.1934979,153.0425931,21.23398969,1.930362699,9.841225514,7.333572172,2.507653341,150,14,0.843,52
,-2.2849,5.22076801,62.8188,11.99440261,15.99793383,-0.310766585,0.223918677,4.486091797,9.807670779,954.08,0,37.636688,0,0,35,0.817703742,-0.410187416,-0.204150137,0.414579397,-0.192269599,23.53779735,22.99018724,33.37021556,30.78833713,29.20276549,1049.35933,1201.419306,1612.139177,1506.353874,1274.86266,2,20,26.603312,0,0,4,0,0,6,1,0,0,0,0,0,0.136082763,0.359561759,0,0,0,0.055901699,0.081545212,1.761193611,0,0.11785113,0,0.758462648,0,0.091287093,0,13.99119935,8.935560746,8.673991628,6.000973155,5.498145334,3.642009977,2.449173031,1.25442749,10.64030453,6.055646423,4.866331987,3.131268766,2.285927756,1.400992465,0.718802412,0.37318815,2.633270707,4.572926735,5.694504567,1.212172519,1.577050079,1.762493266,291,0.736842105,0.368570224,2,8,0.636363636,0,0,0,0,0,0,1,0,5,0,0,0,1,0,0,4,0,0,0,0,0,0,0,2,0,0,0,0,0,2,0,0,0,0,4,0,0,0,0,0,0,0,0,0,0,0,0,0,0,0,0,0,0,0,0,0,0,0,0,0,0,0,0,0,0,0,0,0,0,0,0,0,0,0,0,0,0,0,0,15.39,6.635204082,4.5,3,5,0,3,1.79,0,1.610985037,1.508544084,0,3.195771718,8.394708266,0,2.431747822,0,0,0.873580465,0,0,0,0,0,0.111111111,0.942809042,0.333333333,0.444444444,0.8,3,2,0,2,0,0,0,0,2,0,0,0,98.82,5.321928095,242.701485,268.1171551,37.81859901,1.99045258,22.79872089,10.0829004,12.71582049,736,26,-2.616,96
,3.8396,14.74252816,67.5433,11.9974084,34.96885363,-0.268376193,0.453740821,4.202782035,10.64963964,604.07,0,37.196137,6,6,30,0.658614797,-0.410408749,0.057213318,0.220294183,-0.361154808,35.1280007,28.02576577,46.36506106,49.8745074,51.70815226,1218.651343,1483.877345,2093.692759,2271.778745,2034.990183,0,23,17.401863,0,2,0,5,1,1,2,2,0,0.288675135,0.204124145,0,0.188322688,0.453187546,0.288675135,0.144337567,0,0.072898412,0.134846764,2.789453924,0.322168784,1.188556899,0.575093279,0.869057466,0.039014249,0.138864914,0.027186434,15.25071238,9.816298692,10.21798515,7.283820098,6.051008176,5.30684441,3.638030277,2.562301474,11.30789806,6.589471442,5.363417607,3.218728304,2.140666437,1.534286525,0.90211659,0.482954653,5.107369831,8.140848135,12.77136236,1.362002828,1.770126522,2.210635283,282,0.714285714,0.12167196,1,3,0.416666667,0,0,0,0,0,0,0,0,1,0,0,3,1,0,2,1,3,0,2,0,0,0,0,1,0,0,0,0,0,0,0,0,0,0,1,1,0,3,0,0,0,0,0,0,0,0,0,0,0,0,0,0,0,1,0,0,0,0,0,0,0,0,0,0,0,0,0,0,0,0,0,0,0,0,0,0,0,0,0,15.87901701,5.570987654,3.062381853,3,10,0,2,2.23,0,0,0,0,6.120241929,11.87983551,4.545534016,3.138033853,3.966710458,1,0,0.5,0,0,0,0,0,0,0,0.5,1,1,3,1,2,1,1,0,0,2,0,0,0,38.33,5.523561956,248.9030731,315.0273909,41.93312829,1.996815633,18.43767089,5.631425469,3.078885188,807,37,4.633,118
,-2.2892,5.24043664,54.9944,11.99624943,15.99826217,-0.41946475,0.084477391,4.378237138,8.34558314,1187.04,0,37.407032,0,0,38,0.315313973,-0.121416067,-0.156398538,0.202199508,-0.045929462,16.26889867,14.32891169,15.66127555,17.46345132,13.66073177,659.2413336,667.4242242,712.787226,682.0212633,537.7012049,2,13,27.556968,0,0,0,0,0,6,4,0,0,0,0,0,0,0,0,0,0,0,0,0.40824829,0,0,0,0.288675135,0,0,0,10.81155479,6.777916868,4.64950102,3.784145948,2.259872254,1.068931893,0.643950551,0.402368927,9.291768416,5.464119307,3.483740093,2.417397039,1.228559327,0.54120205,0.265556749,0.168611212,1.105171716,1.189722705,0.552585858,0.621898725,0.56884825,0.281056073,186,0,0.315989843,4,4,1,0,0,0,0,0,0,2,0,6,0,0,0,2,0,0,0,0,0,0,0,0,0,0,2,0,0,0,0,0,0,0,0,0,2,0,0,0,0,0,0,0,0,0,0,0,0,0,0,0,0,0,0,0,0,0,0,0,0,0,0,0,0,0,0,0,0,0,0,0,0,0,0,0,0,0,0,0,0,0,14,9.551020408,7.04,10,0,0,4,2.12,0.111111111,3.032443435,1.069044968,0,4.195780723,4.898979486,0,0.2,0,0,0.111111111,0,0,0,0,0,0.333333333,0,0,0.444444444,0.8,9,0,0,0,0,0,0,0,0,0,0,0,64.52,4.700439718,221.0902788,204.1837782,26.49672539,1.892623242,10.81355674,4.864667999,5.948888739,383,15,-0.344,54
,-0.1444,0.02085136,35.4053,11.89,15.99591916,-0.280821486,0.213129775,4.367963218,9.496800607,351.03,0,22.358723,0,0,21,0.287310508,-0.12763553,0.091150162,-0.178922759,0.071898463,11.90891837,10.99654782,17.10347101,15.32491573,7.9369269,485.3329469,550.4562796,772.3268987,539.9101133,190.251754,0,10,14.601277,0,0,2,0,0,2,2,0,1,0,0,0.083333333,0.308925565,0.48570226,0,0,0.044194174,0.111528566,0.131465606,1.295385138,0.144337567,0.390737207,0.102062073,0.851753211,0.125,0.097684302,0.025515518,7.776020882,4.582334107,4.453629288,3.568097114,2.46143408,1.266619697,0.343443362,0.058925565,6.230710143,3.426015243,2.968290738,2.132179016,1.041912369,0.439071447,0.111342151,0.012757759,2.808961452,3.831920857,3.649842495,1.483194464,1.544520005,0.919972274,73,0.5,0.327263498,1,3,0.714285714,0,0,0,0,0,0,2,0,2,0,0,0,0,0,0,2,0,0,1,0,0,0,0,1,0,0,0,0,0,0,0,0,0,0,2,0,0,0,0,0,0,0,0,0,0,0,0,0,0,0,0,0,0,0,0,0,0,0,0,0,0,0,0,0,0,0,0,0,0,0,0,0,0,0,0,0,0,0,0,8.1,2.56,1.382716049,2,5,0,0,1.9,0.333333333,2.149139864,1.373178096,1.414213562,0.5,2.149139864,2,0.5,1.414213562,0,0.25,0,0,0,0,0,0,0,0,0.4,0.666666667,1,1,0,1,0,0,0,1,0,0,0,0,46.17,4.321928095,140.5761886,141.0789787,19.1075773,1.91075773,7.904223482,4.982467284,2.921756198,108,13,0.093,50
,-2.0523,4.21193529,41.7889,11.99345115,15.9959202,-0.363136923,0.259481749,4.125400623,10.44062872,709.03,1,29.879481,0,0,29,0.222288011,-0.102290068,0.014360239,0.009165368,-0.086619841,13.90891837,12.83036589,17.60483492,16.16272975,15.49109766,660.8607283,736.6050919,968.0696496,841.6067702,548.7993402,1,12,18.882519,0,0,1,0,0,1,6,0,1,0,0,0,0.088388348,0.125,0,0,0,0.088388348,0.125,1.115355072,0.125,0,0,0.771656504,0.125,0,0,9.027097737,5.684269172,5.012184558,3.505474555,2.869817202,1.975144469,0.817513903,0.401292929,7.382559623,4.603746186,3.835299556,2.873451989,2.075644527,1.366184413,0.547383156,0.210281646,1.790640449,3.119236678,3.092261593,1.353626122,1.954593375,1.579406203,108,0.5,0.370019905,2,3,0.888888889,0,0,0,0,0,0,0,0,7,0,0,0,0,0,0,1,0,0,1,0,1,0,0,0,0,0,0,0,0,0,0,0,0,1,1,0,0,0,0,0,0,0,0,0,0,0,0,0,0,0,0,0,0,0,0,0,0,0,0,0,0,0,0,0,0,0,0,0,0,0,0,0,0,0,0,0,0,0,0,10.08333333,4.296875,2.777777778,3,2,0,2,2.12,0,0,0,0,9.989575513,2.33747785,4.908279558,0,0.5,0,0.5,0,0,0,0,0,0,0,0,0.5,1,3,1,0,1,0,0,0,0,1,0,0,0,63.32,4.584962501,177.8046165,171.1259289,23.32010655,1.943342213,7.254118223,4.788367189,2.465751034,193,15,1.391,56
,1.4816,2.19513856,57.7318,11.89,15.99692672,-0.327643831,0.295540963,4.464152362,10.05874915,628.05,1,33.727516,10,11,29,0.473791928,-0.19448314,0.080094494,-0.392834977,0.371878338,20.04336771,19.8271856,29.45990884,32.98619128,31.42378812,1062.658555,1256.434445,1797.249343,1886.637491,1486.377528,0,18,18.334484,0,0,3,4,2,3,0,0,0,0,0,0,0.113402303,0.314383908,0,0,0,0.03477133,0.078885692,1.389373515,0,0.416814541,0,0.511398688,0,0.077485111,0,12.57698579,8.040912558,7.416951975,6.129065401,5.048382849,4.151195167,3.028270278,1.627755691,9.597294956,5.283567656,3.786866611,2.631695422,1.753265614,1.260126447,0.717453979,0.333409417,3.267159597,5.185202396,7.752142991,0.996028634,1.291537177,1.641255737,204,0.588235294,0.311050109,1,3,0.25,0,0,0,0,0,0,2,0,1,0,0,3,0,0,0,1,2,2,0,0,0,0,0,0,0,0,0,0,1,0,0,1,0,1,2,0,0,0,0,0,0,0,0,0,0,0,0,0,0,0,0,0,0,0,0,0,0,0,0,0,0,0,0,0,0,0,0,0,0,0,0,0,0,0,0,0,0,0,0,13.43209877,5.325443787,2.56,3,14,0,0,2.23,0.166666667,2.436678694,3.026113851,0,1.969259364,9.570813382,0,6.631975708,0,0,0.944940787,0,0,0,0,0,0,0.5,0,0.5,1,2,2,2,1,1,0,0,0,2,0,0,0,72.19,5.169925001,213.0408051,232.0847923,33.92827486,1.995780874,13.89597426,7.420051335,6.475922921,470,29,2.269,88
,3.2239,10.39353121,100.7451,11.9,31.97307323,-0.313658537,0.08852308,6.855035155,12.51463013,2049.04,0,59.203032,12,12,48,0.15778904,-0.079294992,-0.029994356,-0.006182583,0.087417775,36.97546668,34.51005048,48.34816669,52.29544003,43.65112219,2275.611352,2700.541563,3820.587134,4035.503295,3461.754922,1,27,33.436968,0,0,0,12,0,2,5,0,0,0,0,0,0.298797709,0.475090701,0,0,0,0.158235482,0.270421267,1.149829914,0,0.247193875,0,0.91017149,0,0.136930639,0,16.35516038,11.84766789,10.20059479,9.040303687,7.678015097,6.750458448,4.705902968,3.657070548,15.75814618,10.84941279,8.454014272,6.802017442,5.142024013,4.199554225,2.804806007,1.935827727,3.110717794,5.245184198,7.937072148,2.157637127,3.196560344,4.462942381,458,0.916666667,0.184956346,1,2,0.4,0,0,0,0,0,0,1,0,6,0,0,7,1,0,0,0,5,0,0,0,0,0,0,1,0,0,0,0,0,1,0,0,0,0,0,0,0,0,0,0,0,0,0,0,0,0,0,0,0,2,0,0,0,0,0,0,0,0,0,0,0,0,0,0,0,0,0,0,0,0,0,0,0,0,0,0,0,0,0,17.41563786,8.131482834,3.907727797,2,13,1,2,3.22,0,1.926008322,1.230508748,0,17.81135732,21.57996503,0,5.10949831,0,0,0,0,0,0,0,0,0,0.25,0,0.454545455,0.833333333,4,4,3,2,1,0,0,0,4,0,0,0,65.87,5.754887502,326.4431327,356.138091,50.18183126,2.090909636,12.66385962,0,6.65849916,1300,39,5.705,128
,3.036,9.217296,95.0718,11.99617022,31.97207221,-0.377796024,0.176489512,4.847338712,11.41205032,1473.07,0,51.195067,15,16,43,0.596211219,-0.277222068,-0.05482028,-0.083917913,0.157523731,33.53110105,34.22142937,46.41250144,51.05001532,45.50068037,1786.197178,2096.242407,2971.276787,2933.71715,2445.780844,0,26,32.280933,0,0,1,8,2,3,0,0,0,0,0,0.096225045,0.315235256,0.642931539,0,0,0.02795085,0.096705013,0.1646019,1.670728186,0,0.472201973,0,0.826287818,0,0.141126525,0,17.26722023,11.5284071,10.29788932,9.130097351,7.330658711,5.542951033,3.824798643,2.612866813,14.50278989,8.184717038,6.22895986,4.55380763,3.224369959,2.063639951,1.260724754,0.751876202,4.339411752,6.559965224,8.716178717,1.707650467,2.298645682,2.545968085,513,0.708333333,0.279066631,1,3,0.294117647,0,0,0,0,0,0,4,0,1,0,0,4,0,0,0,0,6,2,0,0,0,0,0,0,1,0,0,0,2,0,0,0,0,0,1,2,0,0,0,0,0,0,0,0,0,0,0,0,0,0,0,1,0,0,0,0,0,0,0,0,0,0,0,0,0,0,0,0,0,0,0,0,0,0,0,0,0,0,0,18.78106509,8.131482834,4.0656,3,12,0,0,2.56,0.855542043,3.272048876,6.712204891,0,2.403374092,11.28181535,0,7.654468294,0,0,0,0.3086067,0.090909091,0,0,0,0.814325285,0,0,0.461538462,0.857142857,5,3,3,2,2,0,0,1,2,0,0,0,96.31,5.700439718,292.2335951,345.1147126,48.6259584,2.0260816,20.79872207,8.143671744,9.347906401,1419,39,0.604,126
,2.0707,4.28779849,102.1964,11.89,31.97207243,-0.330379993,0.278282903,4.784467776,12.11724102,1744.09,1,56.319067,11,11,47,0.720407568,-0.286511415,-0.046394567,0.072341731,-0.217981198,39.08003912,37.55058349,60.49426956,58.79167403,67.38919323,2102.132939,2594.453746,3761.056847,3589.000872,3282.95854,0,31,30.480933,0,0,3,7,2,4,2,1,0,0,0.111111111,0.496662408,1.084651074,1.829084946,0,0.074535599,0.316125938,0.701510335,1.168824471,2.941026984,0.204124145,0.874778938,0.068041382,2.473384589,0.353553391,0.455096119,0.079056942,20.21481399,13.22005124,13.13359722,10.7870164,9.91949656,7.376223858,4.948159716,3.469965986,16.31818097,9.654485631,9.148556276,6.670072688,5.342291441,3.682687299,2.207828148,1.207429346,6.207556125,11.49965608,15.87927942,3.961275377,6.229222126,7.589622861,620,0.714285714,0.344149681,2,6,0.368421053,0,0,0,0,0,0,3,0,0,0,0,5,3,0,0,3,4,0,1,0,0,0,0,1,0,0,0,0,1,1,0,0,0,1,3,0,1,0,0,0,0,0,0,0,0,0,0,0,0,1,0,0,0,0,0,0,0,0,0,0,0,0,0,0,0,0,0,0,0,0,0,0,0,0,0,0,0,0,0,21.24037461,7.921875,3.654844291,3,14,0,0,2.56,0.550321208,1.716088471,6.636193702,1.5,6.083643419,9.519423095,0.511675313,14.05603083,2.737341727,0,1.195266057,0.549883241,0,0,0,0,0.25,0.43643578,0,0.461538462,0.857142857,5,4,2,3,2,0,1,2,1,0,0,0,138.04,5.95419631,340.3131004,401.1045419,56.790191,2.028221107,25.72605155,13.03436384,9.635780398,2026,47,2.414,158
,0.914,0.835396,39.9592,11.89,15.99591967,-0.360718817,0.251102879,4.199143125,8.415819146,290.03,0,22.785137,6,6,20,0.216284415,-0.096140052,0.005670185,-0.00871163,-0.021083366,12.90891837,11.99654782,16.04828333,12.3286398,9.162457865,495.8999375,534.7239935,652.61195,515.8174732,326.0907113,0,11,11.456863,0,0,1,6,0,1,0,0,0,0,0,0,0.083333333,0.142258898,0,0,0,0.027777778,0.026311489,0.90104757,0,0,0,0.259931005,0,0,0,8.267584714,5.18154055,4.755446768,2.940166328,2.231484176,1.745558472,0.788991132,0.532656998,6.164862963,3.249098148,2.228060242,1.187673315,0.748026599,0.454100828,0.153990151,0.074007235,1.050476816,1.384470827,1.685480696,0.274989044,0.309483748,0.291120778,115,0.545454545,0.326551788,2,2,0.125,0,0,0,0,0,0,1,0,0,0,0,4,0,0,0,1,2,0,0,0,0,0,0,1,0,0,0,0,0,0,0,0,0,1,1,0,0,0,0,0,0,0,0,0,0,0,0,0,0,0,0,0,0,0,0,0,0,0,0,0,0,0,0,0,0,0,0,0,0,0,0,0,0,0,0,0,0,0,0,9.090909091,4.132653061,3.265306122,3,10,0,0,2.01,0,0.894427191,1.144714243,0,3.301927249,6.294690381,0,0.965489385,0,0,0.142857143,0,0,0,0,0,0,0,0,0.428571429,0.75,2,1,1,1,1,0,0,0,1,0,0,0,49.33,4.459431619,141.6992558,151.0633286,21.39259691,1.944781537,7.845919989,4.909027129,2.93689286,166,11,0.87,50
,2.3637,5.58707769,66.5526,11.85,14.00710194,-0.287268606,0.187500543,5.510039852,8.891684447,544.05,0,32.194723,12,12,27,0.186039079,-0.070986786,-0.045730494,0.006483194,0.034435986,17.79990151,18.3570719,24.38177993,22.7141438,16.24321444,854.1346043,948.4966118,1203.376041,1071.413986,745.3622929,0,17,13.345277,0,0,2,9,0,0,0,0,0,0,0,0,0.170103454,0.25636407,0,0,0,0.050708915,0.04419429,0.895168207,0,0.11785113,0,0.278170643,0,0.016666667,0,11.38046889,7.754020195,6.736973899,5.279599204,4.082538325,3.069236743,1.78118603,0.973315424,8.537793209,4.743144665,3.17603227,1.953345236,1.174147931,0.713409607,0.272387509,0.116197202,1.793439668,2.442524232,2.952256898,0.430381378,0.449565813,0.427507769,261,0.875,0.420691656,2,5,0,0,0,0,0,0,0,0,0,0,0,0,7,0,0,0,0,4,0,0,0,2,0,0,0,0,0,0,2,1,0,0,0,0,0,0,0,0,0,0,0,0,0,0,0,0,0,0,0,0,0,0,0,0,0,0,0,0,0,0,0,0,0,0,0,0,0,0,0,0,0,0,0,0,0,0,0,0,0,0,12.4567474,6.074380165,3.769230769,2,16,0,0,2.12,0,0,0,0,6.93297596,7.89757941,0,2.182247272,0,0,0,0,0,0.25,1.785490327,0,1.310370697,0,0,0.5,1,2,2,2,2,2,0,0,0,2,0,0,0,89.65,5.087462841,188.8279623,213.1014454,32.29556409,2.018472756,14.18715772,0,14.18715772,485,20,2.71,78
,1.1302,1.27735204,84.7983,11.89,31.97207223,-0.336566357,0.278258593,4.77253575,12.06954704,1384.08,1,49.272274,6,6,42,0.790687354,-0.372609021,-0.170719176,0.432090414,-0.405576622,34.72005882,32.16303194,50.99572376,47.45832911,50.31718293,1654.542383,2007.201073,2806.730565,2552.060035,2140.992691,0,26,29.387726,0,0,3,6,0,4,2,1,0,0,0.111111111,0.400437363,0.877314918,1.531621227,0,0.074535599,0.293304165,0.655866789,1.117673449,2.548561201,0.204124145,0.604241795,0.068041382,2.258766613,0.353553391,0.384213517,0.079056942,17.48276318,11.30936764,11.14894204,8.590869676,7.554216553,5.821371608,3.711735827,2.420418095,14.07807416,8.390533172,8.015943525,5.676086038,4.576978689,3.242463377,1.889939371,0.991720569,4.746616231,8.379743927,11.7122724,3.408470739,5.425141692,6.736093504,526,0.708333333,0.346307345,2,6,0.4375,0,0,0,0,0,0,2,0,1,0,0,5,3,0,0,3,1,0,1,0,0,0,0,1,0,0,0,0,0,1,0,0,0,1,3,1,0,0,0,0,0,0,0,0,0,0,0,0,0,1,0,0,0,0,0,0,0,0,0,0,0,0,0,0,0,0,0,0,0,0,0,0,0,0,0,0,0,0,0,18.78106509,7.318869165,3.75887574,4,7,0,2,2.34,0.5,1.196751012,3.526155245,2,6.945629182,7.581155572,0.666008479,6.818878078,2.476871057,0,1.195266057,0.647322362,0,0,0,0,0,0.333333333,0,0.461538462,0.857142857,6,3,1,2,1,0,1,1,1,0,0,0,121.24,5.700439718,305.9577624,350.0936428,48.21988874,2.009162031,22.59990386,13.01764706,6.527823712,1461,36,1.362,130
,-0.0119,0.00014161,69.6578,11.85,31.97207196,-0.327759612,0.290697018,4.211768136,12.05853712,1102.06,1,42.757067,6,6,38,0.399450472,-0.25340213,0.126109397,-0.045535244,0.024786484,28.58560948,28.8925872,37.16191579,40.32897228,36.32682321,1378.610147,1561.464445,2126.858983,2227.730355,1882.322213,0,19,30.184933,0,0,1,5,1,4,2,0,0,0,0,0,0.083333333,0.089779189,0,0,0,0.027777778,0.030888613,1.699358737,0.166666667,0.788675135,0.166666667,0.576168166,0.022807523,0.148133085,0.019006269,14.46625533,8.929087446,7.951361454,6.093318801,4.448491276,3.168714087,1.87871254,1.340924746,11.36899033,6.625140342,4.717191771,3.162381007,2.174763475,1.395805065,0.710988076,0.328205609,3.952010963,5.160456019,6.319689625,1.251008631,1.59749607,1.797734375,285,0.315789474,0.291332818,1,5,0.461538462,0,0,0,0,0,0,2,0,4,0,0,4,0,0,0,1,2,0,0,0,0,0,0,0,0,0,0,0,0,1,0,0,0,1,3,0,0,0,0,0,0,0,0,0,0,0,0,0,0,0,0,0,1,0,0,0,0,0,0,0,0,0,0,0,0,0,0,0,0,0,0,0,0,0,0,0,0,0,0,17.05263158,7.695266272,4.5,7,13,0,3,2.23,0.166666667,3.963238071,0.843432665,0,8.479373113,7.839868134,0,1.310370697,0,0,1.301395274,0,0,0,0,0,0,0,0,0.5,1,7,1,1,1,1,0,0,0,1,0,0,0,83.06,5.247927513,264.2686564,285.1034792,36.84151706,1.939027214,16.59995765,9.811500728,3.308535208,728,29,2.287,90
,2.5815,6.66414225,108.6439,11.99330038,15.99693664,-0.346843283,0.200183012,5.019000394,10.51162817,2002.08,0,56.682239,16,17,50,0.706462777,-0.450166028,0.030725171,0.119093465,0.035546107,31.12330861,32.32200733,45.5957466,52.868037,51.25254374,1780.437947,2090.734884,2962.1459,3193.744975,2710.453708,0,29,32.871761,0,0,1,9,3,2,0,0,0,0,0,0,0.166666667,0.505802667,0,0,0,0.054166667,0.119131161,1.834812171,0,0.430580814,0,0.728612044,0,0.138612159,0,19.55167728,12.97709551,11.41137571,9.888638136,8.674963086,6.546707702,4.511654657,2.865910019,15.79038046,8.331385689,5.978426698,4.429032843,3.056680634,1.958134402,1.101735787,0.602171442,4.518122666,8.070710023,11.03945694,1.636776268,2.26170614,2.55113441,621,0.666666667,0.3183812,3,5,0.263157895,0,0,0,0,0,0,4,0,1,0,0,4,0,0,0,0,8,2,0,0,2,0,0,1,0,0,0,0,2,0,0,0,0,0,0,3,0,0,0,0,0,0,0,0,0,0,0,0,0,0,0,0,0,0,0,0,0,0,0,0,0,0,0,0,0,0,0,0,0,0,0,0,0,0,0,0,0,0,0,21.70273484,9.666864961,4.775510204,2,12,0,0,2.67,0.85255395,3.664959826,7.498424671,0,3.171271127,14.7014266,0,11.96447793,0,0,0,0,0.908560296,0.25,1.766387765,0,0.721124785,0,0,0.5,1,6,3,3,2,2,0,0,0,3,0,0,0,117.54,5.857980995,327.673602,369.1800898,54.59550443,2.02205572,22.67668769,8.409737358,14.26695033,1952,47,2.176,140
,-2.3809,5.66868481,28.3555,11.99365674,15.99691922,-0.394670966,0.11406686,4.342125,8.185216587,268.04,0,17.880723,0,0,19,0.315045382,-0.052390278,-0.062679543,-0.186705964,0.144253095,10.68338741,8.162457865,10.49482173,12.65293665,5.323407107,278.7810344,286.8564381,338.8456341,241.2439227,56.61426605,1,7,11.365277,0,0,0,0,0,3,0,1,0,0,0,0,0,0,0,0,0,0,0,0.926776695,0.176776695,0,0,0.609789397,0.102062073,0,0,6.621320344,3.681980515,2.871320344,2.560660172,0.75,0,0,0,4.540311399,2.298018604,1.836714085,0.944681672,0.15,0,0,0,2.030330086,1.810660172,0,0.624469159,0.329599197,0,41,0,0.716174211,4,4,1,0,0,0,0,0,0,0,0,3,0,0,0,0,0,0,0,0,0,1,0,1,0,0,0,0,0,0,0,0,0,0,0,0,3,0,0,0,0,0,0,0,0,0,0,0,0,0,0,0,0,0,0,0,0,0,0,0,0,0,0,0,0,0,0,0,0,0,0,0,0,0,0,0,0,0,0,0,0,0,8,3.111111111,2.222222222,5,0,0,3,1.46,0,0,0,0,1.5,0,3,0,0,0,0.75,0,0,0,0,0,0,0,0,0.5,1,3,0,0,0,0,0,0,0,0,0,0,0,86.71,3.807354922,115.1078375,121.0738933,14.43014069,1.803767586,9.556980515,7.151650429,2.405330086,64,9,-2.662,32
,-1.85,3.4225,38.095,11.99626876,15.99928671,-0.351410286,0.278792091,3.717385742,7.42674009,628.04,2,29.716688,0,0,29,0.383714789,-0.186166551,0.003327381,-0.008532508,-0.000219614,16.09787614,13.32836791,15.87730598,11.32836791,10.32836791,482.7496375,476.0166772,477.7844038,401.4507054,349.9508656,0,12,19.407312,0,0,2,0,0,0,7,0,0,0,0,0,0,0,0,0,0,0,0,0.816496581,0,0,0,0.129099445,0,0,0,10.10444801,6.125897658,5.132810922,2.562948829,1.635501801,1.031474414,0.640974205,0.390737207,7.66067124,4.562568667,3.055244039,1.781284334,1.082781536,0.640642167,0.364614073,0.195321083,0.577350269,0.40824829,0.288675135,0.091287093,0.064549722,0.045643546,188,0,0.39658731,2,4,0.777777778,0,0,0,0,0,0,0,0,7,0,0,0,0,0,0,2,0,0,0,0,0,0,0,0,0,0,0,0,0,0,0,0,0,2,2,0,0,0,0,0,0,0,0,0,0,0,0,0,0,0,0,0,0,0,0,0,0,0,0,0,0,0,0,0,0,0,0,0,0,0,0,0,0,0,0,0,0,0,0,13,8.591715976,12,11,2,0,9,2.01,0,0,0,0,9.333258269,4.141993258,0,0.125,0,0,1.025985568,0,0,0,0,0,0,0,0,0.5,1,8,0,0,0,0,0,0,0,0,0,0,0,74.6,4.584962501,194.1083097,188.1048591,24.49490529,1.884223484,9.526579612,9.526579612,0,344,10,1.713,50
,-1.2085,1.46047225,39.8917,11.89,15.99592017,-0.348743327,0.334899632,3.836105188,8.974193295,619.04,0,27.459481,0,0,28,0.420959441,-0.32982161,0.101812461,0.117326933,-0.205763385,13.26889867,11.8271856,16.71175812,10.21791744,13.15900569,494.7076282,510.5947508,630.63599,426.2068338,421.9096792,2,10,23.438519,0,0,0,0,0,2,1,0,0,0,0,0,0,0,0,0,0,0,0,2.257583597,0.353553391,0,0,2.42188597,0.5,0,0,9.068914101,4.81034907,5.499505143,1.834607596,1.933456325,0.416666667,0.5,0,7.885410682,4.539544589,5.15749942,1.589890036,1.476791477,0.234853647,0.174230856,0,1.15907893,2.501557578,1.698141081,1.094987645,2.050285731,1.205240742,94,0,0.324708768,1,3,0.857142857,0,0,0,0,0,0,4,0,1,0,0,0,1,0,0,1,0,0,0,0,1,0,0,0,0,0,0,0,0,0,0,0,1,0,1,1,0,0,0,0,0,0,0,0,0,0,0,0,0,0,0,0,0,0,0,0,0,0,0,0,0,0,0,0,0,0,0,0,0,0,0,0,0,0,0,0,0,0,0,11,4.132653061,7.901234568,7,4,0,3,1.79,2.121320344,2,2.525896831,0,0,1.154700538,0,0.5,0,0,0,0.5,0,0,0,0,0,0,0,0.5,1,4,0,0,0,0,0,0,0,0,0,0,0,52.32,4.321928095,167.8840955,161.1290029,20.09262617,1.826602379,10.77391263,5.209756337,5.564156291,170,9,-0.515,48
,1.5476,2.39506576,59.316,11.99340593,78.91833728,-0.37901189,0.05702798,5.946173928,10.85617997,744.02,0,34.845481,6,6,30,0.130284687,-0.095388861,0.030646232,-0.021713796,0.040064321,56.61807109,19.31740319,29.63771479,33.29039025,24.74326926,956.5407544,1054.607629,1374.981837,1177.754882,869.7536179,2,13,22.514519,0,0,0,5,1,3,0,0,0,0,0,0,0.083333333,0.142258898,0,0,0,0.027777778,0.074196328,1.609475708,0.25,0.11785113,0,2.092642209,0.353553391,0.115727512,0,9.897341225,6.049642036,5.743711688,4.061000094,2.550416069,2.084994613,0.946529582,0.461491413,10.39468243,6.284204509,6.256406622,4.031124784,2.090073296,1.809343097,0.726816416,0.270157367,2.332054931,2.665357891,3.422171595,2.728898784,2.713287628,3.533513502,140,0.461538462,0,0,0,0.454545455,0,0,0,0,0,0,3,0,2,0,0,4,0,0,0,0,2,0,0,0,0,0,0,0,0,0,0,0,0,0,0,0,1,0,0,0,0,0,0,0,0,0,0,0,0,0,0,0,0,0,0,0,0,0,0,0,0,0,0,0,0,0,0,0,0,0,0,0,0,1,0,0,0,0,0,0,0,0,0,11.07692308,4.481481481,3.324099723,4,6,0,0,2.45,1.144714243,4.796715204,1.590691044,0,5.957237662,6.085553735,0,1,0,0,0,0,0,0,0,0,0,0,0,0.428571429,0.75,3,1,1,1,1,0,0,0,1,0,0,0,0,4.700439718,199.2450633,242.0544368,25.15122318,1.934709476,5.860794715,0,3.329391705,248,16,2.803,62
,0.2613,0.06827769,58.8708,11.999,34.96885402,-0.288293905,0.330169273,7.264039062,12.78466549,304.1,0,30.808758,6,6,23,0.468167774,-0.218900632,0.13146019,-0.187683272,0.145634362,41.14627303,38.2423952,47.3683277,52.89474232,51.76232592,1584.003252,1879.090827,2837.562676,2752.154981,2151.014372,2,18,21.251242,0,0,0,6,0,0,0,0,0,0,0,0,0.114481121,0.351579285,0,0,0,0.040585228,0.097374192,3.054573407,0.49279928,0.780330086,0.201184464,0.885935129,0.054943971,0.187782043,0.015860958,12.84493498,7.716162048,8.66858933,5.950496536,4.992919191,3.558889824,3.072925766,1.488548549,9.247481376,5.262821374,4.383608384,2.915731564,2.003944236,1.265122664,0.806828615,0.34418396,4.558599854,7.249829171,9.187956281,1.493652088,1.934319985,2.15320791,194,0.588235294,0.459232207,2,7,0,0,0,0,0,0,0,0,0,0,0,1,2,0,0,0,0,4,0,0,0,1,0,0,1,0,0,0,1,0,0,0,0,0,0,4,0,0,0,0,0,0,0,0,0,0,0,0,0,0,0,0,0,2,1,0,0,0,0,0,0,0,0,0,0,0,0,0,0,0,0,0,0,0,0,0,0,0,0,0,13.43209877,4.280618312,2.56,3,16,0,0,1.13,0,0,0,0,0.908560296,6.391058757,0,3.301927249,0,0,1.44224957,0,0,0,0.333333333,0,0.5,0,0,0.428571429,0.75,1,2,2,1,1,0,0,0,2,0,0,0,135.45,5.169925001,203.8499022,294.9488254,33.60636411,1.976844948,27.46685228,9.734852472,8.441692859,460,29,-0.5,94
,3.4333,11.78754889,103.7962,11.99613702,16.00540287,-0.41138633,0.315789889,4.177728344,9.879814635,1687.11,2,59.970688,20,22,50,1.340055589,-0.4594921,-0.41111625,-0.005378242,0.389698715,42.51915939,41.98137966,62.51914552,70.61702166,67.72730675,1981.604804,2350.71448,3323.203975,3511.864981,3065.765593,0,37,28.987312,0,0,2,16,2,2,1,0,0,0,0,0,0.247193875,0.588996101,0,0,0,0.077575305,0.12184123,2.648968544,0,0.712690396,0,0.816791059,0,0.109904922,0,24.40504844,16.2400912,15.22226873,12.29731369,10.37579595,8.762692734,6.024391249,4.625578978,17.2179931,9.783235198,7.09450939,4.717016041,3.227525013,2.207561777,1.225504341,0.721314764,5.896374412,9.08137263,13.50320971,1.47447004,1.923328808,2.22914214,1027,0.735294118,0.37112029,3,5,0.130434783,0,0,0,0,0,0,0,0,2,0,0,8,1,0,0,2,4,4,0,0,0,0,0,0,0,0,0,0,0,0,0,0,0,3,4,2,2,0,0,0,0,0,0,0,0,0,0,0,0,0,0,0,0,0,0,0,0,0,0,0,0,0,0,0,0,0,0,0,0,0,0,0,0,0,0,0,0,0,0,27.04601899,12.02990388,6.478367347,5,15,0,3,2.78,0,0,0,0,8.62208136,26.21103961,0,15.50368432,0,0,2.371070236,4.163346261,0.991351614,0,0,0,0,0,0,0.5,1,8,4,4,2,2,0,0,0,4,0,0,0,173.71,6.209453366,400.1932596,468.0692615,69.2321955,2.036241044,29.83300858,29.83300858,0,3945,58,1.562,180
,-4.1757,17.43647049,51.5698,NA,NA,NA,NA,NA,NA,1138.09,1,37.217067,0,0,37,0.784155318,-0.459164152,0.089080616,-0.120944899,0.149175549,22.89777765,22.32227922,31.39819425,32.47673147,28.4210152,986.5147323,1149.017152,1585.12237,1454.291242,1168.065723,3,19,26.284933,0,0,1,0,0,3,2,0,0,0,0,0.096225045,0.247193875,0.491385277,0,0,0,0,0,1.167333734,0,0.219821982,0,0.201184464,0,0,0,13.12095586,8.651397005,7.47887152,6.30622947,5.133435701,3.531550978,2.65616125,1.659499133,9.257000264,5.219617309,3.201256939,1.729578897,0.918814106,0.493318714,0.265994263,0.138557125,2.723665113,4.336869277,5.341350934,0.230409255,0.190203468,0.120998715,271,0.5,0.445118906,7,8,0.888888889,0,0,0,0,0,0,0,0,4,0,0,0,3,0,0,1,0,0,0,0,1,0,0,3,0,0,1,0,0,0,0,0,0,2,1,1,0,0,0,0,0,0,0,0,0,0,0,0,0,0,0,0,0,0,0,0,0,0,0,0,0,0,0,0,0,0,0,0,0,0,0,0,0,0,0,0,0,0,0,14.4099723,6.437869822,3.321799308,5,3,1,3,1.46,0,0,0,0,1.930978769,5.701224455,0,3.769169136,0,0,0.436790232,0.793700526,0,0,1.10520945,0.25,1.144714243,1.190550789,0,0.444444444,0.8,5,2,0,1,0,0,0,1,1,0,0,0,116.24,5.247927513,225.6974227,261.1437042,36.01461798,2.00081211,25.64788854,10.45445426,15.19343428,632,26,-2.962,90
,0.1585,0.02512225,60.6345,11.999,34.96885402,-0.289179407,0.32637399,7.268328125,12.80182287,404.1,0,32.142344,6,6,25,0.448628577,-0.223215454,0.142125976,-0.167137085,0.119311166,41.14627303,38.2423952,47.3683277,52.89474232,51.76232592,1608.634499,1908.722606,2881.638297,2801.257593,2185.392324,0,18,22.777656,0,0,0,6,0,0,0,0,0,0,0,0,0.114481121,0.351579285,0,0,0,0.047879728,0.112852808,3.054573407,0.49279928,0.780330086,0.201184464,0.89355419,0.054943971,0.190474106,0.015860958,12.84493498,7.716162048,8.66858933,5.950496536,4.992919191,3.558889824,3.072925766,1.488548549,9.430024292,5.449447333,4.547102457,3.095698899,2.173022557,1.412920645,0.901504821,0.416160277,4.558599854,7.249829171,9.187956281,1.547776213,2.052678948,2.339325418,194,0.588235294,0.455003919,3,7,0.142857143,0,0,0,0,0,0,0,0,1,0,0,2,0,0,0,0,4,0,0,0,1,0,0,2,0,0,0,0,0,0,0,0,0,0,4,0,0,0,0,0,0,0,0,0,0,0,0,0,0,0,0,0,2,1,0,0,0,0,0,0,0,0,0,0,0,0,0,0,0,0,0,0,0,0,0,0,0,0,0,13.43209877,4.280618312,2.56,3,15,0,0,1.13,0,0,0,0,0.908560296,6.391058757,0,3.301927249,0,0,1.44224957,0,0,0,0.333333333,0,0.5,0,0,0.428571429,0.75,1,2,1,1,1,0,0,0,2,0,0,0,135.12,5.169925001,206.4863609,296.9644755,33.60636411,1.976844948,27.46685228,9.734852472,8.441692859,460,29,-0.475,94
,-0.6974,0.48636676,36.6636,11.85,15.99491766,-0.273771291,0.244298193,4.60374186,8.414450616,199.04,0,19.329551,6,6,17,0.230345709,-0.109142912,0.013913987,0.030737872,-0.128197507,11.85440994,11.19061808,13.55028131,12.88237328,8.49509362,429.1521714,460.8703517,546.8230592,455.3924689,253.0484608,0,10,8.610449,0,0,3,2,1,0,0,0,0,0,0,0,0.102062073,0.058925565,0,0,0,0.0248452,0.0124226,0.402368927,0,0.11785113,0,0.13436437,0,0.017010345,0,7.397341225,4.842535255,3.783622271,3.098518319,2.036535719,1.41711029,0.569035594,0.319035594,5.242213232,2.753213995,1.709350443,1.073603594,0.586622196,0.3079137,0.085446557,0.03498821,1.089255651,1.339255651,1.373773448,0.26030075,0.250304802,0.180872114,90,0.6,0.49620998,2,4,0,0,0,0,0,0,0,0,0,0,0,0,4,0,0,0,1,1,0,0,0,1,0,0,1,0,0,0,0,1,0,0,0,0,0,1,0,0,0,0,0,0,0,0,0,0,0,0,0,0,0,0,0,0,0,0,0,0,0,0,0,0,0,0,0,0,0,0,0,0,0,0,0,0,0,0,0,0,0,0,8.1,4,2.285714286,4,10,0,0,1.68,0,0,0,0,3.301927249,4.298279727,0,1,0,0,0,0,0,0,0.816496581,0,0.2,0,0,0.5,1,2,1,1,1,1,0,0,0,1,0,0,0,68.01,4.321928095,120.3105803,137.0589119,19.52724104,1.952724104,10.57380279,2.476618039,8.097184747,121,11,-0.823,44
,2.1976,4.82944576,68.3511,11.85,15.99692749,-0.331106932,0.267524345,4.336885958,10.1115816,814.04,1,38.574309,11,11,32,0.394882966,-0.153647791,-0.085641296,0.024779568,0.089638247,21.68338741,22.49482173,32.93374661,32.2104693,30.42811485,1210.908687,1452.568558,2085.519275,1863.624513,1555.500728,0,21,18.107691,0,0,1,10,1,1,1,1,0,0,0,0.19245009,0.460367058,0.717894612,0,0,0.101817522,0.200395325,0.254020425,1.236781144,0,0.477541895,0,0.507273333,0,0.124346803,0,13.40541292,9.18154055,8.311342769,7.241547468,6.179336503,4.443174798,3.031836361,2.211805719,10.24393949,6.202262214,4.669725473,3.579547727,2.628900899,1.584275985,0.928571041,0.566775494,3.366576404,5.526663743,7.134044413,1.23994294,1.806981288,1.861495729,315,0.789473684,0.232467389,1,3,0.2,0,0,0,0,0,0,0,0,2,0,0,7,1,0,0,2,3,0,0,0,0,0,0,0,0,0,0,0,0,0,0,1,0,1,2,0,0,0,0,0,0,0,0,0,0,0,0,0,0,0,0,0,0,0,0,0,0,0,0,0,0,0,0,0,0,0,0,0,0,0,0,0,0,0,0,0,0,0,0,13.95918367,5.78,2.612244898,3,13,0,0,2.67,0,0,0,0,10.46232997,16.60897323,0,6.120463943,0,0,0.650697637,0,0,0,0,0,0,0,0,0.5,1,3,3,2,2,2,0,0,2,1,0,0,0,59.3,5.392317423,228.0390814,255.0895434,38.82207345,2.043267023,10.95370988,7.444697304,3.509012572,693,29,2.066,102
,-2.9402,8.64477604,38.4036,11.99635512,16.00078345,-0.410937968,0.129726786,4.140601562,7.934950797,493.06,0,24.707102,0,0,26,0.570546882,-0.047545574,-0.285273441,6.94E-18,0,16.64681421,12.99255186,17.32091977,22.52908099,17.090428,439.6816502,470.2303013,564.3644456,544.3644725,378.439244,0,11,15.304898,0,0,0,0,0,2,4,0,0,0,0,0,0,0,0,0,0,0,0,0.8563047,0,0.383276638,0,0.382951104,0,0.076655328,0,9.723614639,5.54011122,4.489297862,3.91238262,1.779992817,0.753101874,0.268245951,0.055555556,6.406896212,3.481747672,2.481028635,1.512478162,0.671208827,0.272756557,0.081117368,0.011111111,2.479162677,2.860815773,3.169542337,0.685334927,0.594030042,0.51934873,114,0,0.666633574,6,6,1,0,0,0,0,0,0,0,0,2,0,0,0,4,0,0,0,0,0,0,0,0,0,0,0,0,0,0,0,0,0,0,0,0,6,0,0,0,0,0,0,0,0,0,0,0,0,0,0,0,0,0,0,0,0,0,0,0,0,0,0,0,0,0,0,0,0,0,0,0,0,0,0,0,0,0,0,0,0,0,12,5.612244898,3.515625,8,0,1,6,1.46,0,0,0,0,0.2,3.614408014,0,3.965406457,0,0,3.602584196,0,0,0,0,0,0,0,0,0.428571429,0.75,5,0,0,0,0,0,0,0,0,0,0,0,121.38,4.459431619,165.0737267,182.0790383,22.13184583,1.844320486,14.57345583,14.57345583,0,206,16,-3.896,50
,0.1471,0.02163841,46.7724,11.99626876,15.99826094,-0.410240615,0.118538535,4.932727553,9.069383387,493.03,0,27.212309,6,6,25,0.172577418,-0.046221995,-0.055212843,0.04266993,-0.045567772,13.90891837,12.83036589,17.66073177,17.38010342,12.66073177,616.9459408,678.9131333,859.450298,759.504816,516.9447287,1,12,13.551691,0,0,0,5,1,1,2,0,0,0,0,0,0.083333333,0.131445856,0,0,0,0.027777778,0.028460107,0.981125224,0,0.288675135,0,0.437746333,0,0.067878348,0,9.137828202,5.609060905,5.134990983,3.772093633,2.502902355,1.77369325,0.949911992,0.416240532,6.935879075,3.835864963,2.898940613,1.709761041,1.012328253,0.573174049,0.254611022,0.096184182,2.030607828,2.313318262,2.930412943,0.668484115,0.685616785,0.668023281,112,0.5,0.39785839,3,2,0.333333333,0,0,0,0,0,0,1,0,0,0,0,4,2,0,0,0,2,0,0,0,1,0,0,0,0,0,0,0,0,0,0,0,0,2,0,0,0,0,0,0,0,0,0,0,0,0,0,0,0,0,0,0,0,0,0,0,0,0,0,0,0,0,0,0,0,0,0,0,0,0,0,0,0,0,0,0,0,0,0,10.08333333,4.296875,2.777777778,4,7,0,3,2.12,0,0.854574013,1.709148026,0,3.532775529,7.258033484,0,3.14734519,0,0,0.2,0,0,0,0,0,0,0,0,0.5,1,2,1,1,1,1,0,0,0,1,0,0,0,66.48,4.584962501,161.6316991,167.0946288,23.21727287,1.934772739,7.38660827,5.00638295,2.380225321,197,15,0.592,56
,0.9152,0.83759104,76.7256,11.99618637,15.99870892,-0.412892023,0.115099598,4.434017636,8.62649679,1594.04,0,46.575825,6,6,44,0.486455036,-0.213925562,-0.149759491,0.104556127,0.093026466,21.68338741,20.99282375,25.49109766,23.82248047,20.21392148,962.5140519,1026.818431,1223.095569,1115.54853,928.4193388,1,19,31.822175,0,0,0,5,1,5,3,0,0,0,0,0,0.083333333,0.11785113,0,0,0,0.027777778,0.030982085,1.105171716,0,0,0,0.603667091,0,0,0,14.08757567,9.113392203,7.682698975,5.236782774,3.58404248,3.130870467,1.742455218,1.082466747,12.05623892,6.736267835,4.9145264,2.722324033,1.595342823,1.14163213,0.518937031,0.2764712,1.562948829,1.677807669,2.302872101,0.667474535,0.590691889,0.662211331,393,0.315789474,0.189832122,2,3,0.6,0,0,0,0,0,0,3,0,4,0,0,4,2,0,0,0,2,0,0,0,0,0,0,1,0,0,0,0,0,0,0,0,0,1,0,2,0,0,0,0,0,0,0,0,0,0,0,0,0,0,0,0,0,0,0,0,0,0,0,0,0,0,0,0,0,0,0,0,0,0,0,0,0,0,0,0,0,0,0,17.05263158,9.833648393,8,7,7,0,3,2.67,0.409913825,3.607994388,2.368989444,0,8.734913183,10.08697815,0,1.321802152,0,0,0,0.365148372,0.142857143,0,0,0,0,0,0,0.5,1,9,1,1,1,1,0,0,0,1,0,0,0,50.72,5.247927513,274.1978336,267.1834439,37.25718085,1.960904255,11.16614946,8.294876458,2.871273,906,21,1.628,84
,2.4244,5.87771536,92.0029,11.89,126.9064734,-0.331467104,0.264328313,5.038963026,16.78514091,776.09,2,50.153102,0,0,34,0.570216008,-0.237801492,0.033091764,-0.039719416,-0.11474462,355.7338245,50.69085523,90.60237092,157.4717779,490.857979,2639.722362,3108.56261,4481.980903,4981.377565,4136.227973,0,20,30.268898,0,0,3,0,0,2,5,1,0,0,0,0,0.037037037,0.184872735,0,0,0,0,0,2.110456822,0,0.553680851,0,0.937228899,0,0.299286294,0,15.61036599,9.162478918,8.985524916,6.172570157,5.486354387,3.976557808,2.317669342,1.529159978,16.66509811,8.638213164,6.219581626,4.711864728,4.771879939,1.410384132,0.696896524,0.128162897,3.878004722,6.862819564,10.30847673,2.388610398,5.008597125,4.634035558,246,0.3,0.154328774,3,6,0.727272727,0,0,0,0,0,0,2,0,0,0,0,0,5,0,0,3,0,0,0,0,0,0,0,2,0,0,0,0,0,0,0,0,0,1,3,0,0,0,0,0,0,0,0,0,0,0,0,0,0,0,0,0,0,0,0,0,0,0,0,0,0,0,0,0,0,0,0,0,0,0,0,0,0,0,3,0,0,0,0,18.05,7.319857313,4.25,3,4,0,0,1.68,0.125,0,4.429135566,0,0,0,0,14.80828125,0,0,1.032918113,0,0,0,0,0,0.25,0,0,0.375,0.6,5,1,0,1,0,0,0,0,1,0,0,0,95.5,5.321928095,310.2130577,618.808776,38.47115475,1.923557738,23.19421503,9.624345479,5.891758499,746,33,2.19,98
,-2.3598,5.56865604,41.4188,11.99342686,15.99592272,-0.380766463,0.169114642,5.399130139,9.163883588,1086.05,0,35.83986,0,0,35,0.431874075,-0.263152452,0.010110965,0.052207337,-0.024741205,17.62887897,17.99309564,26.34523571,20.71246728,16.04828333,819.636946,926.1767571,1251.001158,1022.772116,770.8521429,3,16,25.03614,0,0,0,0,0,2,7,0,0,0,0,0.102062073,0.304894699,0.431186218,0,0,0.034020691,0.160557131,0.169248641,1.319479217,0.125,0,0,0.523159739,0.041666667,0,0,10.72576835,7.201907263,6.640681975,4.871082569,3.898143018,3.117699264,1.84680519,1.248017429,8.998294857,5.637132707,4.358450248,3.062933602,2.301522441,1.684661202,0.797341451,0.480949218,2.11059856,3.265600528,3.646264684,0.879366749,1.359944609,1.439973139,217,0.666666667,0.263873616,3,5,0.9,0,0,0,0,0,0,0,0,7,0,0,0,1,0,0,1,0,0,1,0,1,0,0,1,0,0,0,0,0,0,0,0,0,0,0,2,0,0,0,0,0,0,0,0,0,0,0,0,0,0,0,0,0,0,0,0,0,0,0,0,0,0,0,0,0,0,0,0,0,0,0,0,0,0,0,0,0,0,0,11.484375,4.888429752,2.982248521,4,4,0,0,2.01,0,0,0,0,8.092439746,3.811774903,3.799835766,0.333333333,0.632455532,0,0,0,0.5,0.5,1,0,0,0,0,0.444444444,0.8,3,2,0,1,0,0,0,1,1,0,0,0,56.51,5,202.1012042,214.155552,30.20193012,2.013462008,13.91646266,6.216673346,7.69978931,391,18,0.682,76
,-0.6851,0.46936201,26.7576,11.99865745,31.97342453,-0.228845829,0.347280686,6.0434375,9.287754641,79.05,1,15.059965,0,0,12,0.275226351,-0.121583209,0.017989495,-0.07852876,0.044509299,21.57891318,17.00876876,14.65925345,11.12402897,10.66919835,387.8302179,365.9119502,415.4407676,216.6066191,124.7113022,0,6,15.180035,0,0,0,0,0,2,0,0,0,0,0,0,0,0,0,0,0,0,0,1.560660172,0.353553391,0,0,0.07212372,0,0,0,5.914213562,3.060660172,3.310660172,1,0.75,0,0,0,4.184340991,2.381113413,1.432146394,0.66037931,0.335200762,0,0,0,0.75,1,0.25,0.050999172,0.068422569,0,38,0,0.740451676,0,3,1,0,0,0,0,0,0,0,0,2,0,0,0,0,0,0,0,0,0,0,0,0,0,0,0,0,0,0,0,0,0,0,0,0,0,2,0,0,0,0,0,0,0,0,0,0,0,0,1,0,0,0,0,1,0,0,0,0,0,0,0,0,0,0,0,0,0,0,0,0,0,0,0,0,0,0,0,0,0,0,7,2.34375,6,5,3,0,2,1.13,0,0,0,0,1,0,0,0,0,0,1.5,0,0,0,0,0,0,0,0,0.5,1,2,0,0,0,0,0,0,0,0,0,0,0,104.38,3.584962501,105.2189268,140.9680111,12.44898539,1.778426484,12.51148539,6.982995129,0,46,4,-0.23,28
Cl,0.8009,0.64144081,98.2114,11.85,15.99794292,-0.395596913,0.235488728,4.715553467,10.97223997,1699.09,0,53.057067,16,16,46,0.69579932,-0.34950376,0.097992669,-0.326854505,0.331022094,31.89777765,33.70983077,50.48152688,60.22195758,59.60447324,1890.862051,2303.782933,3434.995084,3759.921904,3418.900455,0,30,30.244933,0,0,3,7,1,4,0,0,1,0,0,0.214076175,0.389452773,0.659753157,0,0,0.049279928,0.09747012,0.130940173,2.222156259,0.144337567,0.781206716,0.072168784,1.364181236,0.125,0.221770096,0.022821773,19.1814338,12.98051225,11.88437587,11.25452564,8.901190885,6.819191442,5.451872525,4.078000485,14.95506344,8.456375175,6.8882614,4.846173686,3.035933557,1.993187722,1.268075298,0.769366575,6.292909416,9.687891211,12.44119515,2.371106956,2.755036557,2.903481049,549,0.703703704,0.318331313,2,6,0.333333333,0,0,0,0,0,0,2,0,3,0,0,5,0,0,0,1,6,0,1,0,0,0,0,0,0,0,0,0,3,1,0,1,0,2,1,0,1,0,0,0,0,0,0,0,0,0,0,0,0,0,0,0,0,0,0,0,0,0,0,0,0,0,0,0,0,0,0,0,0,0,0,0,0,0,0,0,0,0,0,20.28,8.024691358,3.544615385,5,19,0,3,2.45,0.111111111,2.855696253,3.085493915,0.707106781,6.262614284,14.92809891,1.706496094,7.50262076,1.630506111,0,0.382096272,0.595275394,0,0,0,0,1.144714243,1.563002193,0.333333333,0.5,1,4,4,3,2,3,0,0,2,1,1,0,0,117.51,5.906890596,306.8113854,369.1437042,55.31846535,2.04883205,26.73017481,10.49264433,16.23753048,1750,52,1.243,150
N1CCCC1,1.0149,1.03002201,70.85,11.9,34.96985419,-0.280032028,0.207134429,5.404945806,9.877405423,1179.04,0,45.331067,6,6,38,0.256456619,-0.132707172,0.011354399,0.017135004,0.01329047,35.56034915,24.73417906,36.19118193,44.0148542,28.68222563,1314.312931,1483.156419,1939.053097,1834.525223,1396.788515,0,20,24.548933,0,0,1,5,1,0,7,0,0,0,0,0,0.170103454,0.243120851,0,0,0,0.126118334,0.117208364,1.270347683,0,0.398974475,0,0.767926578,0,0.208960379,0,13.82806265,9.0753874,8.103838699,6.702866403,4.738129744,3.638083965,2.029041147,1.299695008,12.67529049,7.528674081,6.036115691,4.594202021,2.941576357,2.106314324,0.949369373,0.556833692,3.094687251,3.830638261,5.142320043,1.759232963,1.892863285,2.268478794,337,0.789473684,0.06790726,0,2,0.533333333,0,0,0,0,0,0,1,0,6,0,0,3,1,0,0,1,3,0,0,0,0,0,0,0,0,0,0,0,0,1,0,0,0,0,1,0,0,0,0,0,0,0,0,0,0,0,0,0,0,0,0,0,0,2,0,0,0,0,0,0,0,0,0,0,0,0,0,0,0,0,0,0,0,0,0,0,0,0,0,15.39,7.135802469,4.231404959,4,6,0,2,2.67,0,2.197656088,1.359866107,0,9.924295096,13.26612768,0,3.231059444,0,0,0,0,0,0,0,0,0,0,0,0.454545455,0.833333333,4,2,1,2,1,0,0,0,2,0,0,0,20.31,5.321928095,272.0465983,299.0843697,37.93210433,1.996426544,10.80072469,2.531639388,3.243857446,760,27,4.453,94
,0.3005,0.09030025,82.8846,11.98837716,31.97307314,-0.357562274,0.25151048,5.976692244,13.00279242,763.09,0,42.522723,11,11,33,0.524827799,-0.277497305,0.134628006,-0.074631192,-0.240074673,38.43332312,37.89688534,53.30706398,60.97857406,59.98588111,1993.445106,2413.608548,3619.017719,3660.130248,3128.722283,0,24,25.699277,0,0,4,8,0,0,0,0,0,0,0,0.11785113,0.261104034,0.557565887,0,0,0.102062073,0.155442852,0.249023979,2.074671769,0.166666667,0.938003598,0.164266427,0.814003366,0.022807523,0.272098839,0.017987726,15.90541292,10.42555749,9.964782697,8.645392407,7.233039442,5.286953586,3.225317241,2.130281665,12.36722221,7.389892942,5.852454584,4.53177941,3.317453845,2.086552257,1.220606688,0.674805894,5.231467191,8.665368261,13.16944743,1.982670041,2.913360867,3.694807234,377,0.772727273,0.404190744,2,7,0.076923077,0,0,0,0,0,0,1,0,0,0,0,6,0,0,0,3,3,0,0,0,0,0,0,1,0,0,0,0,1,1,0,0,0,1,3,0,0,0,0,0,0,0,0,0,0,0,0,0,0,0,1,0,1,0,0,0,0,0,0,0,0,0,0,0,0,0,0,0,0,0,0,0,0,0,0,0,0,0,0,16.84375,6.481481481,3.04,3,21,0,0,1.9,0,0.998634805,1.873184798,0,3.943990334,8.556372905,0,6.631975708,0,0,1.450962705,0,0,0,0,0,0.5,0.516397779,0,0.5,1,3,3,3,2,2,0,0,1,2,0,0,0,136.22,5.584962501,261.2489074,337.0190979,44.42678679,2.0193994,25.95252344,10.10188672,9.332371603,988,39,1.981,120
